Time,3H
0.00191406997683585,-0.132273064191617
0.00386720260626018,-0.0117613061876247
0.00582033523568451,0.182305378762475
0.00777346786510885,-0.132803684311377
0.00972660049453318,-0.0740939225548902
0.0116797331239575,0.0558714122954092
0.0136328657533818,0.19719323752495
0.0155859983828062,-0.0248987284630738
0.0175391310122305,-0.109791848542914
0.0194922636416549,-0.000843949700598798
0.0214453962710792,0.0994920455888223
0.0233985289005035,-0.0660065400399202
0.0253516615299279,-0.14485547001996
0.0273047941593522,0.00990873157684631
0.0292579267887765,0.0454175860279441
0.0312110594182009,-0.0118161979241517
0.0331641920476252,-0.137981804790419
0.0351173246770495,0.0819815816367265
0.0370704573064739,0.0255894709780439
0.0390235899358982,0.0639709929740519
0.0409767225653225,-0.180230144670659
0.0429298551947469,-0.0310953956087824
0.0448829878241712,0.200986866427146
0.0468361204535955,0.103889483592814
0.0487892530830199,-0.118861183233533
0.0507423857124442,-0.0435619188822355
0.0526955183418685,0.167216250299401
0.0546486509712929,0.0739429917764471
0.0566017836007172,-0.156565707145709
0.0585549162301415,-0.177912493572854
0.0605080488595659,0.0841101611976048
0.0624611814889902,0.0782367453892216
0.0644143141184145,-0.12220348007984
0.0663674467478389,-0.126777791457086
0.0683205793772632,0.061195910738523
0.0702737120066875,-0.0253500605189621
0.0722268446361119,-0.15774282994012
0.0741799772655362,-0.0310466029540918
0.0761331098949605,0.0504127340518962
0.0780862425243849,0.155768273692615
0.0800393751538092,0.0622571509780439
0.0819925077832335,-0.0784059734131737
0.0839456404126579,-0.0138227958483034
0.0858987730420822,0.248486515768463
0.0878519056715065,-0.0879449374051896
0.0898050383009309,-0.23526216007984
0.0917581709303552,0.00629197604790419
0.0937113035597795,0.160244999760479
0.0956644361892039,-0.0147681535329341
0.0976175688186282,-0.152601303952096
0.0995707014480525,0.0230644510978044
0.101523834077477,0.104584778922156
0.103476966706901,0.0563776360878244
0.105430099336326,-0.0976851710978044
0.10738323196575,0.0269922598003992
0.109336364595174,0.107420851976048
0.111289497224599,-0.0448244288223553
0.113242629854023,-0.119849234491018
0.115195762483447,-0.00669906826347305
0.117148895112872,-0.0670433839520958
0.119102027742296,0.0816644293812375
0.12105516037172,-0.133834429141717
0.123008293001145,-0.0862981853093812
0.124961425630569,0.0332621159281437
0.126914558259993,0.0249917609580838
0.128867690889418,0.0982539319760479
0.130820823518842,0.0756995273453094
0.132773956148266,0.00910975185628743
0.134727088777691,0.123424842714571
0.136680221407115,-0.0214466481437126
0.138633354036539,-0.0500696392015968
0.140586486665964,0.0271203405189621
0.142539619295388,0.0618912060678643
0.144492751924812,0.0740954688223553
0.146445884554237,-0.148642999840319
0.148399017183661,-0.0943550724151696
0.150352149813085,0.0535903556886227
0.15230528244251,-0.015249980998004
0.154258415071934,-0.0269419208782435
0.156211547701358,-0.00364952734530938
0.158164680330783,0.0358481266267465
0.160117812960207,0.117661210379242
0.162070945589631,-0.0222883214371257
0.164024078219056,-0.00908380926147704
0.16597721084848,0.103041711217565
0.167930343477904,0.0342806625948104
0.169883476107329,0.0554139811576846
0.171836608736753,0.0153552116566866
0.173789741366177,0.0469911491417166
0.175742873995602,0.0295538741716567
0.177696006625026,-0.0137069132934132
0.17964913925445,0.0226192181237525
0.181602271883875,0.0484549287824351
0.183555404513299,-0.0055951344510978
0.185508537142723,-0.100045515768463
0.187461669772148,-0.0466968469461078
0.189414802401572,-0.0293510582035928
0.191367935030996,-0.0801747071457086
0.193321067660421,-0.00638801508982036
0.195274200289845,0.0152515272654691
0.197227332919269,-0.0158781864271457
0.199180465548694,-0.069861159760479
0.201133598178118,0.0150197621556886
0.203086730807542,0.0403614471856287
0.205039863436967,0.0303650520558882
0.206992996066391,0.00260813061876248
0.208946128695815,0.0618424134131736
0.21089926132524,0.137495424510978
0.212852393954664,-0.0146156764870259
0.214805526584088,-0.0843098846307385
0.216758659213513,0.00102846842315369
0.218711791842937,0.11223302754491
0.220664924472361,0.0721132672255489
0.222618057101786,-0.058010643752495
0.22457118973121,0.0209602678642715
0.226524322360634,0.0484610278642715
0.228477454990059,-0.0511186812774451
0.230430587619483,-0.18271857005988
0.232383720248907,-0.0446597536127745
0.234336852878332,0.00464522395209581
0.236289985507756,0.0648980534131736
0.23824311813718,-0.0379751599201597
0.240196250766605,-0.00235042291417165
0.242149383396029,0.118899323992016
0.244102516025453,0.113587023712575
0.246055648654878,0.0548040729740519
0.248008781284302,0.00295577828343314
0.249961913913726,0.216051598562874
0.251915046543151,0.00849984367265469
0.253868179172575,-0.0300890471057884
0.255821311801999,-0.0680192370459082
0.257774444431424,0.0561702673053892
0.259727577060848,0.0218263374850299
0.261680709690272,-0.11106045756487
0.263633842319697,-0.066152918003992
0.265586974949121,0.0195513799600798
0.267540107578545,-0.00052069836327345
0.26949324020797,0.00147980047904192
0.271446372837394,-0.106906982834331
0.273399505466818,-0.0853345303792415
0.275352638096243,0.0887759588023952
0.277305770725667,0.0490038461477046
0.279258903355091,-0.0119869722155689
0.281212035984516,-0.115390805668663
0.28316516861394,0.107847787704591
0.285118301243364,0.0487232883832335
0.287071433872789,0.0206675119361277
0.289024566502213,-0.117257124710579
0.290977699131637,0.201804143393214
0.292930831761062,0.0578414157285429
0.294883964390486,-0.0454831296606786
0.29683709701991,-0.0934585073852295
0.298790229649335,0.0588172688223553
0.300743362278759,0.0670510293013972
0.302696494908183,-0.0819495399600798
0.304649627537608,-0.109389309141717
0.306602760167032,-0.0629448009580838
0.308555892796456,0.0764741107385229
0.310509025425881,-0.0778204615568862
0.312462158055305,-0.135749540838323
0.314415290684729,-0.00691863520958083
0.316368423314154,0.0549016582834331
0.318321555943578,-0.0694647194411178
0.320274688573002,-0.0704222752894211
0.322227821202427,-0.0546622478243513
0.324180953831851,0.173364124790419
0.326134086461275,0.0809386386427146
0.3280872190907,-0.081059074011976
0.330040351720124,0.0443258503792415
0.331993484349548,0.0508579670259481
0.333946616978973,0.0800542717764471
0.335899749608397,-0.203790897804391
0.337852882237821,-0.0362369215968064
0.339806014867246,0.139465427944112
0.34175914749667,0.0792491929740519
0.343712280126094,-0.111280024510978
0.345665412755519,-0.0963311749301397
0.347618545384943,-0.0227457525748503
0.349571678014367,0.0904288099800399
0.351524810643792,-0.0371151893812375
0.353477943273216,0.0730403276646707
0.35543107590264,0.0361347834730539
0.357384208532065,0.0861716508582834
0.359337341161489,-0.0409088182834331
0.361290473790913,-0.110499342035928
0.363243606420338,0.0736563349301397
0.365196739049762,0.0319142188423154
0.367149871679186,0.0716070434331337
0.369103004308611,-0.0903479756487026
0.371056136938035,0.0484244333732535
0.373009269567459,0.135958455888224
0.374962402196884,-0.0191106998003992
0.376915534826308,-0.177406269780439
0.378868667455732,-0.00529627944111776
0.380821800085157,0.151352538443114
0.382774932714581,0.032951062754491
0.384728065344005,-0.0630240890219561
0.38668119797343,-0.0603404930139721
0.388634330602854,0.14919956255489
0.390587463232278,0.0620863766866267
0.392540595861703,-0.0928912927744511
0.394493728491127,-0.162731878882236
0.396446861120551,0.165380426666667
0.398399993749976,0.110421600239521
0.4003531263794,0.0058467430738523
0.402306259008824,-0.121758247105788
0.404259391638249,0.101956074650699
0.406212524267673,0.124022552734531
0.408165656897097,0.038428038243513
0.410118789526522,-0.0419761576047904
0.412071922155946,0.0861838490219561
0.41402505478537,0.00859742898203593
0.415978187414795,-0.0891037629540918
0.417931320044219,-0.114774798403194
0.419884452673643,0.0848237537724551
0.421837585303068,0.13008504007984
0.423790717932492,0.0188682827944112
0.425743850561916,-0.142086486866267
0.427696983191341,0.0226253172055888
0.429650115820765,0.101620625149701
0.431603248450189,-0.0345230796007984
0.433556381079614,-0.0711907596007984
0.435509513709038,0.0167519013972056
0.437462646338462,0.103523538682635
0.439415778967887,-0.00422284103792415
0.441368911597311,-0.119873630818363
0.443322044226735,0.0214786898203593
0.44527517685616,0.0656726368063872
0.447228309485584,0.0381352823153693
0.449181442115008,-0.0848283065868263
0.451134574744433,-0.0171102009580838
0.453087707373857,-0.00827873045908183
0.455040840003281,0.0911424025548902
0.456993972632706,-0.136877870978044
0.45894710526213,0.0591832137325349
0.460900237891554,-0.0758809535329341
0.462853370520979,0.100565483992016
0.464806503150403,0.0371350328942116
0.466759635779827,-0.0903723719760479
0.468712768409252,-0.0245937743712575
0.470665901038676,-0.0714957136926148
0.4726190336681,0.0161846867864271
0.474572166297525,0.00688358698602795
0.476525298926949,-0.00591838578842315
0.478478431556373,0.0586525936127744
0.480431564185798,-0.033266668742515
0.482384696815222,-0.0247828459081836
0.484337829444646,-0.0142680288223553
0.486290962074071,0.0360737926546906
0.488244094703495,0.0520167925748503
0.490197227332919,0.131603711457086
0.492150359962344,-0.0904272637125748
0.494103492591768,-0.013554436247505
0.496056625221192,-0.116604522954092
0.498009757850617,0.045826224510978
0.499962890480041,-0.0228250406387225
0.501916023109465,-0.0659211528942116
0.50386915573889,0.0247660949301397
0.505822288368314,0.0797676149301397
0.507775420997738,-0.0222456278642715
0.509728553627163,-0.0434887299001996
0.511681686256587,-0.0389266166866267
0.513634818886011,0.00820098866267465
0.515587951515436,0.0189597690219561
0.51754108414486,0.0136840632335329
0.519494216774284,0.119966663313373
0.521447349403709,-0.00360073469061876
0.523400482033133,0.0668375614371257
0.525353614662557,-0.00927897988023952
0.527306747291982,0.0131534431137725
0.529259879921406,-0.0436534051097804
0.53121301255083,0.149120274491018
0.533166145180255,0.044856470499002
0.535119277809679,-0.0158110965269461
0.537072410439103,-0.00615015089820359
0.539025543068528,0.108719956407186
0.540978675697952,0.00120534179640719
0.542931808327376,-0.191293879121756
0.544884940956801,-0.0038324998003992
0.546838073586225,-0.0121516474251497
0.548791206215649,0.0680390805588822
0.550744338845074,-0.188287031776447
0.552697471474498,0.0279925092215569
0.554650604103922,0.0546637940918164
0.556603736733347,-0.0246364679441118
0.558556869362771,0.00711535209580839
0.560510001992195,-0.0409637100199601
0.56246313462162,0.0768400556487026
0.564416267251044,-0.0293571572854291
0.566369399880468,0.01187873500998
0.568322532509893,0.0827378677844311
0.570275665139317,0.203219130379241
0.572228797768741,0.072003483752495
0.574181930398166,0.0341891763672655
0.57613506302759,-0.0890122767265469
0.578088195657014,0.0506627964071856
0.580041328286439,0.0507664807984032
0.581994460915863,-0.0371883783632734
0.583947593545287,-0.026112445748503
0.585900726174712,0.0765533988023952
0.587853858804136,-0.00905941293413173
0.58980699143356,-0.124838283433134
0.591760124062985,-0.136292359121756
0.593713256692409,0.0453382979640718
0.595666389321833,0.0599882925349301
0.597619521951258,-0.0401891266267465
0.599572654580682,0.0350979395608782
0.601525787210106,-0.0390668955688623
0.603478919839531,0.0776329362874251
0.605432052468955,0.00371206443113773
0.607385185098379,0.0981685448303393
0.609338317727804,0.0369032677844311
0.611291450357228,0.0358664238722555
0.613244582986652,0.108274723433134
0.615197715616077,0.106914628183633
0.617150848245501,0.026540927744511
0.619103980874925,0.00080890147704591
0.62105711350435,0.0319935069061876
0.623010246133774,-0.0965202464670659
0.624963378763198,0.0161907858682635
0.626916511392623,-0.109029463313373
0.628869644022047,0.127956460518962
0.630822776651471,-0.118842885988024
0.632775909280896,-0.0574495282235529
0.63472904191032,-0.030473289261477
0.636682174539744,0.0897518118962076
0.638635307169169,-0.0407746384830339
0.640588439798593,-0.0647135346906188
0.642541572428017,0.0100856049500998
0.644494705057442,0.0926976684231537
0.646447837686866,0.0355248752894212
0.64840097031629,-0.125686055808383
0.650354102945715,0.0178741324550898
0.652307235575139,0.0611715144111776
0.654260368204563,0.0103539645508982
0.656213500833988,-0.14485547001996
0.658166633463412,-0.0902381921756487
0.660119766092836,-0.00988888806387225
0.662072898722261,8.31107385229554e-05
0.664026031351685,-0.0497951805189621
0.665979163981109,-0.0906651279041916
0.667932296610534,0.0649285488223553
0.669885429239958,0.0228509832335329
0.671838561869382,-0.101070161516966
0.673791694498807,-0.0808882997205589
0.675744827128231,-0.0292595719760479
0.677697959757655,-0.044110836247505
0.67965109238708,0.00524903305389222
0.681604225016504,-0.132388946746507
0.683557357645928,0.0370008530938124
0.685510490275353,0.0448076778443114
0.687463622904777,0.0350796423153693
0.689416755534201,-0.0880974144510978
0.691369888163626,0.123510229860279
0.69332302079305,0.0372387172854291
0.695276153422474,0.0599760943712575
0.697229286051899,-0.111371510738523
0.699182418681323,0.0892089936127744
0.701135551310747,0.1078660849501
0.703088683940172,0.127541722954092
0.705041816569596,-0.020970919760479
0.70699494919902,-0.0837121746107784
0.708948081828445,-0.00579030506986028
0.710901214457869,-0.0109135338123752
0.712854347087293,-0.109127048622754
0.714807479716718,-0.142409738203593
0.716760612346142,0.119295764311377
0.718713744975566,0.0584452248303393
0.720666877604991,-0.133871023632735
0.722620010234415,-0.134584616207585
0.724573142863839,0.0287182999600798
0.726526275493264,0.142051438642715
0.728479408122688,-0.0955931860279441
0.730432540752112,-0.193178495409182
0.732385673381537,-0.0195071401197605
0.734338806010961,0.222827678483034
0.736291938640385,-0.0873716237125748
0.73824507126981,-0.0718555595209581
0.740198203899234,0.0141109989620758
0.742151336528658,0.143448128383234
0.744104469158083,-0.062462973493014
0.746057601787507,-0.111975319840319
0.748010734416931,-0.00054509469061876
0.749963867046356,0.108567479361277
0.75191699967578,0.0226070199600798
0.753870132305204,-0.116513036726547
0.755823264934629,-0.0226176718562874
0.757776397564053,0.0538770125349301
0.759729530193477,0.0990041190419162
0.761682662822902,-0.0728741061876247
0.763635795452326,0.0406725003592814
0.76558892808175,0.0716131425149701
0.767542060711175,0.132750338842315
0.769495193340599,0.0140744044710579
0.771448325970023,0.0108235938522954
0.773401458599448,0.120064248622754
0.775354591228872,0.0233145134530938
0.777307723858296,0.0119763203193613
0.779260856487721,-0.0739658418363273
0.781213989117145,0.0919779767664671
0.783167121746569,-0.0504843767664671
0.785120254375994,0.0231193428343313
0.787073387005418,-0.111090952974052
0.789026519634842,-0.0524665783632735
0.790979652264267,-0.0427995336526946
0.792932784893691,0.0438562210778443
0.794885917523115,-0.0101511485828343
0.79683905015254,-0.0258989778842315
0.798792182781964,0.0792064994011976
0.800745315411388,0.0479426059081836
0.802698448040813,-0.0500696392015968
0.804651580670237,-0.147898911856287
0.806604713299661,0.0456127566467066
0.808557845929086,0.0773218831137724
0.81051097855851,0.00316314706586827
0.812464111187934,-0.0190680062275449
0.814417243817359,0.0785904921357285
0.816370376446783,0.0823048329740519
0.818323509076207,0.00437686435129741
0.820276641705632,-0.0838280571656687
0.822229774335056,0.0976074293013972
0.82418290696448,0.0197526496606786
0.826136039593905,-0.0427751373253493
0.828089172223329,-0.0960140226746507
0.830042304852753,-0.0223066186826347
0.831995437482178,0.00811560151696607
0.833948570111602,-0.0555649119361277
0.835901702741026,-0.0743744803193613
0.837854835370451,-0.044409691257485
0.839807967999875,0.0622754482235529
0.841761100629299,0.0517911265469062
0.843714233258724,-0.0399634605988024
0.845667365888148,-0.0548086257884231
0.847620498517572,0.133762786427146
0.849573631146997,0.0559567994411178
0.851526763776421,-0.025795293493014
0.853479896405845,-0.0181043512974052
0.85543302903527,-0.027155388742515
0.857386161664694,-0.00990718530938123
0.859339294294118,-0.0586327500998004
0.861292426923543,-0.00370441908183632
0.863245559552967,-0.106931379161677
0.865198692182391,0.0901238558882235
0.867151824811816,-0.0132677794011976
0.86910495744124,-0.0795282044710579
0.871058090070664,-0.0633290431137725
0.873011222700089,0.0529560511776447
0.874964355329513,-0.00224673852295409
0.876917487958937,0.00358398371257485
0.878870620588362,-0.0388534277045908
0.880823753217786,0.0267604946906188
0.88277688584721,-0.00463147952095808
0.884730018476635,-0.0210197124151697
0.886683151106059,-0.0078030020758483
0.888636283735483,0.128127234810379
0.890589416364908,0.00983554259481038
0.892542548994332,-0.0603343939321357
0.894495681623756,-0.150460526227545
0.896448814253181,0.044539318243513
0.898401946882605,0.0826707778842315
0.900355079512029,-0.15516901740519
0.902308212141454,-0.0680436333732535
0.904261344770878,0.128810331976048
0.906214477400302,0.119350656047904
0.908167610029727,-0.0670250867065868
0.910120742659151,-0.0954285108183633
0.912073875288575,0.0587501789221557
0.914027007918,0.104481094530938
0.915980140547424,-0.0371273875449102
0.917933273176848,-0.0266247686227545
0.919886405806273,0.0765229033932136
0.921839538435697,-0.0520335435528942
0.923792671065121,-0.0195071401197605
0.925745803694546,-0.0362064261876247
0.92769893632397,0.12355902251497
0.929652068953394,0.0504920221157685
0.931605201582819,0.0660629780439122
0.933558334212243,-0.0419395631137724
0.935511466841667,0.0425876120558882
0.937464599471092,-0.0711907596007984
0.939417732100516,-0.0952699346906188
0.94137086472994,0.0291452356886228
0.943323997359365,0.0290781457884232
0.945277129988789,-0.0206232720958084
0.947230262618213,-0.00741266083832335
0.949183395247638,-0.0615298139720559
0.951136527877062,-0.0330653990419162
0.953089660506486,0.0267909900998004
0.955042793135911,-0.0768324102994012
0.956995925765335,0.0389708565269461
0.958949058394759,-0.0303513076247505
0.960902191024184,-0.0170126156487026
0.962855323653608,-0.0253439614371257
0.964808456283032,-0.00691253612774451
0.966761588912457,0.0267421974451098
0.968714721541881,-0.00142946155688622
0.970667854171305,-0.0128591409181637
0.97262098680073,0.0463446464670659
0.974574119430154,0.0880196726546906
0.976527252059578,-0.0169943184031936
0.978480384689003,0.00640175952095809
0.980433517318427,0.0490343415568862
0.982386649947851,0.109409152654691
0.984339782577276,-0.082474060998004
0.9862929152067,-0.0170492101397206
0.988246047836124,0.0406968966866267
0.990199180465549,-0.0555100201996008
0.992152313094973,-0.0912140452694611
0.994105445724397,-0.0808822006387225
0.996058578353822,0.156048831457086
0.998011710983246,0.05405998499002
0.99996484361267,-0.0108037503393214
1.00191797624209,-0.0888537005988024
1.00387110887152,-0.0240875505788423
1.00582424150094,0.0232230272255489
1.00777737413037,0.00396212678642715
1.00973050675979,0.103810195528942
1.01168363938922,0.060079778762475
1.01363677201864,0.0794077691017964
1.01558990464806,-0.0213124683433134
1.01754303727749,-0.0141399481037924
1.01949616990691,-0.100423658842315
1.02144930253634,0.119948366067864
1.02340243516576,-0.076698230499002
1.02535556779519,0.0435207715768463
1.02730870042461,-0.0740939225548902
1.02926183305404,0.0711801077045908
1.03121496568346,-0.0715201100199601
1.03316809831288,-0.0573641410778443
1.03512123094231,-0.10214359992016
1.03707436357173,0.132481979241517
1.03902749620116,0.0516996403193613
1.04098062883058,0.0363116568463074
1.04293376146001,-0.0536802956487026
1.04488689408943,0.112391603672655
1.04684002671885,0.167423619081836
1.04879315934828,-0.0748685059481038
1.0507462919777,-0.12778413996008
1.05269942460713,-0.00887034139720558
1.05465255723655,0.152663841037924
1.05660568986598,-0.0202024354491018
1.0585588224954,-0.120209080319361
1.06051195512482,0.0475339674251497
1.06246508775425,0.153206659321357
1.06441822038367,-0.0369871086626746
1.0663713530131,-0.0718738567664671
1.06832448564252,-0.0419273649500998
1.07027761827195,0.012305670738523
1.07223075090137,-0.0297474985229541
1.0741838835308,-0.113445198562874
1.07613701616022,0.103053909381238
1.07809014878964,0.00154689037924152
1.08004328141907,0.0594881678243513
1.08199641404849,-0.109913830179641
1.08394954667792,-0.0147376581237525
1.08590267930734,0.0570485350898204
1.08785581193677,0.0631598150898204
1.08980894456619,-0.0847795139321357
1.09176207719561,-0.0369810095808383
1.09371520982504,0.189191242155689
1.09566834245446,0.0880379699001996
1.09762147508389,-0.040719746746507
1.09957460771331,-0.141067940199601
1.10152774034274,0.0239732142914172
1.10348087297216,0.0941248535728543
1.10543400560158,0.00958548023952096
1.10738713823101,0.0329571618363273
1.10934027086043,0.00140661149700599
1.11129340348986,0.015605274011976
1.11324653611928,-0.0123468180439122
1.11519966874871,-0.0903967683033932
1.11715280137813,0.0388000822355289
1.11910593400755,0.0434109881037924
1.12105906663698,0.0736319386027944
1.1230121992664,0.0202283780439122
1.12496533189583,-0.0724044768862275
1.12691846452525,0.11949093493014
1.12887159715468,0.0190207598403194
1.1308247297841,0.0538587152894212
1.13277786241352,0.00762767497005988
1.13473099504295,0.00983554259481038
1.13668412767237,0.0975830329740519
1.1386372603018,-0.0790585751696607
1.14059039293122,-0.0194217529740519
1.14254352556065,0.0419777038722555
1.14449665819007,0.196607725668663
1.1464497908195,-0.0210014151696607
1.14840292344892,-0.072935097005988
1.15035605607834,-0.0607186360878244
1.15230918870777,0.0789137434730539
1.15426232133719,0.0308712758483034
1.15621545396662,-0.0938793440319361
1.15816858659604,-0.0150670085429142
1.16012171922547,0.121521929181637
1.16207485185489,-0.0161282487824351
1.16402798448431,-0.179083517285429
1.16598111711374,-0.0316809074650699
1.16793424974316,0.0904044136526946
1.16988738237259,0.139270257325349
1.17184051500201,0.0046208276247505
1.17379364763144,-0.00668077101796407
1.17574678026086,0.135055791776447
1.17769991289028,0.0415751644710579
1.17965304551971,0.0321398848702595
1.18160617814913,0.0722535461077844
1.18355931077856,-0.0255574293013972
1.18551244340798,-0.00692473429141716
1.18746557603741,-0.00394838235528942
1.18941870866683,-0.111298321756487
1.19137184129626,0.0183376626746507
1.19332497392568,-0.081132262994012
1.1952781065551,-0.0144936948502994
1.19723123918453,-0.05702259249501
1.19918437181395,-0.00797377636726547
1.20113750444338,0.0638368131736527
1.2030906370728,0.063861209500998
1.20504376970223,-0.066823817005988
1.20699690233165,0.00607240910179641
1.20895003496107,0.10642060255489
1.2109031675905,0.0406664012774451
1.21285630021992,0.0425815129740519
1.21480943284935,-0.0197572024750499
1.21676256547877,0.0283523550499002
1.2187156981082,0.0495100699401198
1.22066883073762,-0.128235472015968
1.22262196336704,-0.0913482250698603
1.22457509599647,-0.018269026506986
1.22652822862589,0.114379904351297
1.22848136125532,-0.0539913488223553
1.23043449388474,-0.132456036646707
1.23238762651417,-0.032894624750499
1.23434075914359,0.0601468686626746
1.23629389177301,-0.0152560800798403
1.23824702440244,-0.0422506162874251
1.24020015703186,0.0684904126147705
1.24215328966129,0.159775370459082
1.24410642229071,-0.17086195497006
1.24605955492014,-0.0544670772055888
1.24801268754956,0.0203442605988024
1.24996582017899,0.0833721722954092
1.25191895280841,-0.0462516139720559
1.25387208543783,-0.0710626788822355
1.25582521806726,0.0649468460678643
1.25777835069668,0.122613664830339
1.25973148332611,-0.0395426239520958
1.26168461595553,0.110818040558882
1.26363774858496,0.0112505295808383
1.26559088121438,-0.0269663172055888
1.2675440138438,0.0477901288622754
1.26949714647323,-0.00369832
1.27145027910265,-0.0733742308982036
1.27340341173208,0.127242867944112
1.2753565443615,-0.0528752168463074
1.27730967699093,0.0407700856686627
1.27926280962035,-0.0601697187225549
1.28121594224977,0.0411238324151697
1.2831690748792,0.0606103988822355
1.28512220750862,-0.00209426147704591
1.28707534013805,0.0378364273053892
1.28902847276747,-0.0547232386427146
1.2909816053969,0.103322268982036
1.29293473802632,-0.00483884830339321
1.29488787065574,0.0186365176846307
1.29684100328517,-0.0394511377245509
1.29879413591459,-0.0307782433532934
1.30074726854402,0.0161480922954092
1.30270040117344,0.0171544407984032
1.30465353380287,-0.0929400854291417
1.30660666643229,-0.0390120038323353
1.30855979906172,0.0612264061477046
1.31051293169114,-0.137207221397206
1.31246606432056,-0.0568030255489022
1.31441919694999,-0.090579740758483
1.31637232957941,0.226657901876247
1.31832546220884,0.0382572639520958
1.32027859483826,-0.000819553373253491
1.32223172746769,-0.0676471930538922
1.32418486009711,0.111226679041916
1.32613799272653,0.0749371421157685
1.32809112535596,-0.122002210379241
1.33004425798538,-0.0407075485828343
1.33199739061481,0.0716192415968064
1.33395052324423,0.0571705167265469
1.33590365587366,-0.10807190746507
1.33785678850308,-0.100753009261477
1.3398099211325,0.0256138673053892
1.34176305376193,0.0537733281437126
1.34371618639135,-0.0904272637125748
1.34566931902078,-0.02173330499002
1.3476224516502,0.028907371497006
1.34957558427963,0.11834430754491
1.35152871690905,-0.0892684381636727
1.35348184953847,-0.0235081378043912
1.3554349821679,0.0142085842714571
1.35738811479732,0.153048083193613
1.35934124742675,-0.129595567265469
1.36129438005617,-0.0445865646307385
1.3632475126856,0.0234974859081836
1.36520064531502,0.0864339113772455
1.36715377794445,0.053352491497006
1.36910691057387,-0.0527044425548902
1.37106004320329,0.0216189687025948
1.37301317583272,0.0826707778842315
1.37496630846214,0.0638551104191617
1.37691944109157,-0.0778936505389222
1.37887257372099,-0.0358831748502994
1.38082570635042,0.00942080502994012
1.38277883897984,0.0194476955688623
1.38473197160926,-0.111090952974052
1.38668510423869,-0.0279360712175649
1.38863823686811,0.0742723421956088
1.39059136949754,0.0923134262674651
1.39254450212696,-0.117141242155689
1.39449763475639,-0.151790126067864
1.39645076738581,0.11763071497006
1.39840390001523,0.0817254201996008
1.40035703264466,0.0141353952894212
1.40231016527408,-0.140073789860279
1.40426329790351,0.117191581077844
1.40621643053293,0.077407270259481
1.40816956316236,-0.00504011800399201
1.41012269579178,-0.0939830284231537
1.4120758284212,0.036397043992016
1.41402896105063,0.066264247744511
1.41598209368005,0.0884405093013972
1.41793522630948,-0.0491181824351297
1.4198883589389,-0.0783327844311377
1.42184149156833,0.135135079840319
1.42379462419775,-0.0288753298203593
1.42574775682718,-0.0849014955688623
1.4277008894566,-0.133108638403194
1.42965402208602,0.0933624683433134
1.43160715471545,-0.00770541676646706
1.43356028734487,-0.0503928905389222
1.4355134199743,-0.0631582688223553
1.43746655260372,0.152383283273453
1.43941968523315,0.0165140372055888
1.44137281786257,0.0368422769660679
1.44332595049199,7.09125748503021e-05
1.44527908312142,0.0294440906986028
1.44723221575084,0.0630256352894212
1.44918534838027,0.01601391249501
1.45113848100969,0.0449723530538922
1.45309161363912,0.0574632726546906
1.45504474626854,0.185202442634731
1.45699787889796,0.0359579100998004
1.45895101152739,0.0498089249500998
1.46090414415681,-0.0326384633133733
1.46285727678624,0.0125923275848303
1.46481040941566,-0.00634532151696606
1.46676354204509,-0.119001462115768
1.46871667467451,-0.0790158815968064
1.47066980730393,-0.035559923512974
1.47262293993336,0.0535171667065868
1.47457607256278,-0.087206948502994
1.47652920519221,-0.0506063584031936
1.47848233782163,-0.00665027560878243
1.48043547045106,0.134086037764471
1.48238860308048,0.0366166109381238
1.48434173570991,-0.00648560039920159
1.48629486833933,-0.0572177631137725
1.48824800096875,0.0616228464670659
1.49020113359818,0.0575913533732535
1.4921542662276,-0.0327177513772455
1.49410739885703,0.0490648369660679
1.49606053148645,0.111464543233533
1.49801366411588,0.0713752783233533
1.4999667967453,-0.206553781876247
1.50191992937472,-0.0429459116167665
1.50387306200415,-0.0560467394011976
1.50582619463357,0.0686367905788423
1.507779327263,-0.226272113453094
1.50973245989242,-0.0329678137325349
1.51168559252185,0.053370788742515
1.51363872515127,0.0760105805189621
1.51559185778069,-0.154333443193613
1.51754499041012,-0.0317053037924152
1.51949812303954,0.0899042889421158
1.52145125566897,0.0498882130139721
1.52340438829839,0.0173618095808383
1.52535752092782,-0.0985329434730539
1.52731065355724,0.0945822847105788
1.52926378618666,-0.0789243953692615
1.53121691881609,-0.012828645508982
1.53317005144551,-0.0879388383233533
1.53512318407494,0.100022665708583
1.53707631670436,0.041764236007984
1.53902944933379,-0.0955931860279441
1.54098258196321,-0.0677813728542914
1.54293571459264,0.0427766835928144
1.54488884722206,0.0366532054291417
1.54684197985148,-0.0713920293013972
1.54879511248091,-0.114396655329341
1.55074824511033,-0.0025394944510978
1.55270137773976,0.119222575329341
1.55465451036918,0.0463690427944112
1.55660764299861,-0.0507832317764471
1.55856077562803,0.0118543386826347
1.56051390825745,0.00359008279441118
1.56246704088688,0.00481599824351298
1.5644201735163,-0.016628373493014
1.56637330614573,-0.120306665628743
1.56832643877515,0.133610309381238
1.57027957140458,0.139123879361277
1.572232704034,-0.0450013021956088
1.57418583666342,0.00399872127744511
1.57613896929285,-0.0634388265868263
1.57809210192227,0.0536208510978044
1.5800452345517,-0.0208794335329341
1.58199836718112,-0.0867739136926148
1.58395149981055,-0.035261068502994
1.58590463243997,0.0450638392814371
1.58785776506939,-0.0707150312175649
1.58981089769882,-0.137975705708583
1.59176403032824,-0.00271636782435129
1.59371716295767,0.00780454834331338
1.59567029558709,-0.038633860758483
1.59762342821652,-0.223905669700599
1.59957656084594,0.0683684309780439
1.60152969347537,0.045917710738523
1.60348282610479,-0.0892501409181637
1.60543595873421,-0.0690926754491018
1.60738909136364,0.0288768760878244
1.60934222399306,0.100358115209581
1.61129535662249,-0.0486546522155689
1.61324848925191,-0.105077258283433
1.61520162188134,0.144509368622754
1.61715475451076,-0.0843098846307385
1.61910788714018,-0.0202390299401198
1.62106101976961,-0.0907566141317365
1.62301415239903,-0.00965102387225548
1.62496728502846,-0.0625056670658683
1.62692041765788,-0.0960689144111776
1.62887355028731,0.0520899815568862
1.63082668291673,0.115935170219561
1.63277981554615,0.0876110341716567
1.63473294817558,-0.0785889458682635
1.636686080805,-0.065835765748503
1.63863921343443,0.060079778762475
1.64059234606385,-0.00221624311377245
1.64254547869328,-0.00639411417165668
1.6444986113227,-0.0285337812375249
1.64645174395212,0.0941248535728543
1.64840487658155,-0.0524726774451098
1.65035800921097,0.019703857005988
1.6523111418404,-0.0495573163273453
1.65426427446982,0.201816341556886
1.65621740709925,0.0219117246307385
1.65817053972867,-0.0169577239121756
1.6601236723581,-0.0465199735728543
1.66207680498752,0.0601651659081836
1.66402993761694,-0.00738826451097804
1.66598307024637,-0.000191347944111773
1.66793620287579,-0.0231970846307385
1.66988933550522,0.0633854811177645
1.67184246813464,-0.059407333493014
1.67379560076407,-0.0831571581636727
1.67574873339349,-0.0799063475449102
1.67770186602291,0.0159163271856287
1.67965499865234,0.0868608471057884
1.68160813128176,-0.123069549700599
1.68356126391119,0.0729244451097804
1.68551439654061,-0.0391461836327345
1.68746752917004,0.0532488071057884
1.68942066179946,0.00588333756487026
1.69137379442888,-0.110737206227545
1.69332692705831,-0.00290543936127744
1.69528005968773,0.077797611497006
1.69723319231716,-0.0281007464271457
1.69918632494658,-0.0660187382035928
1.70113945757601,-0.0173663623952096
1.70309259020543,0.0167153069061876
1.70504572283485,-0.0254537449101796
1.70699885546428,-0.167861206706587
1.7089519880937,-0.151229010538922
1.71090512072313,0.123479734451098
1.71285825335255,0.0233023152894212
1.71481138598198,-0.0703978789620758
1.7167645186114,-0.0184824943712575
1.71871765124083,0.161275744590818
1.72067078387025,0.0377937337325349
1.72262391649967,-0.106376362714571
1.7245770491291,0.0388183794810379
1.72653018175852,0.13525096239521
1.72848331438795,-0.00109401205588822
1.73043644701737,-0.0780339294211577
1.7323895796468,-0.0584314803992016
1.73434271227622,0.10653648510978
1.73629584490564,-0.020300020758483
1.73824897753507,-0.0433423519361277
1.74020211016449,-0.0981426022355289
1.74215524279392,0.046216565748503
1.74410837542334,0.070625091257485
1.74606150805277,-0.105992120558882
1.74801464068219,-0.107492494690619
1.74996777331161,0.0235523776447106
1.75192090594104,0.124681253572854
1.75387403857046,-0.0358831748502994
1.75582717119989,-0.0509418079041916
1.75778030382931,-0.0266918585229541
1.75973343645874,0.16886300239521
1.76168656908816,-0.0178237935329341
1.76363970171758,0.0308712758483034
1.76559283434701,0.106585277764471
1.76754596697643,0.17927413508982
1.76949909960586,0.0774743601596806
1.77145223223528,-0.102875489740519
1.77340536486471,-0.0398963706986028
1.77535849749413,0.132079439840319
1.77731163012356,0.0344758332135729
1.77926476275298,-0.0771617607185629
1.7812178953824,-0.0102243375648703
1.78317102801183,-0.00740656175648702
1.78512416064125,0.0589941421956088
1.78707729327068,-0.0698428625149701
1.7890304259001,-0.204461796806387
1.79098355852953,0.0153491125748503
1.79293669115895,0.128230919201597
1.79488982378837,0.0226924071057884
1.7968429564178,-0.13934190003992
1.79879608904722,-0.00643070866267465
1.80074922167665,0.0326888022355289
1.80270235430607,0.0544869207185629
1.8046554869355,-0.181840302275449
1.80660861956492,0.0534317795608782
1.80856175219434,0.122875925349301
1.81051488482377,0.0809264404790419
1.81246801745319,-0.184956933093812
1.81442115008262,0.129847175888224
1.81637428271204,0.0864644067864271
1.81832741534147,0.1322441150499
1.82028054797089,-0.190433908582834
1.82223368060031,-0.144013796726547
1.82418681322974,0.153639694131737
1.82613994585916,0.0326827031536926
1.82809307848859,-0.121148338922156
1.83004621111801,-0.16073138003992
1.83199934374744,0.157482115688623
1.83395247637686,0.0681976566866267
1.83590560900629,-0.0700929248702595
1.83785874163571,-0.19523998506986
1.83981187426513,0.10690243001996
1.84176500689456,0.131066992255489
1.84371813952398,-0.0118283960878243
1.84567127215341,-0.114530835129741
1.84762440478283,0.225377094690619
1.84957753741226,0.20893397005988
1.85153067004168,-0.0654149291017964
1.8534838026711,-0.159090727025948
1.85543693530053,0.0572924983632735
1.85739006792995,0.210580722155689
1.85934320055938,-0.0338948741716567
1.8612963331888,-0.14497135257485
1.86324946581823,-0.0278689813173653
1.86520259844765,0.152352787864271
1.86715573107707,-0.0221846370459082
1.8691088637065,-0.108907481676647
1.87106199633592,-0.0326872559680639
1.87301512896535,0.0957106148502994
1.87496826159477,0.0629463472255489
1.8769213942242,-0.177857601836327
1.87887452685362,-0.0337545952894212
1.88082765948304,0.134226316646707
1.88278079211247,0.113440645748503
1.88473392474189,-0.0401830275449102
1.88668705737132,-0.0401281358083832
1.88864019000074,0.0522973503393214
1.89059332263017,0.142685743153693
1.89254645525959,-0.0525824609181637
1.89449958788902,-0.14605089005988
1.89645272051844,0.0889528321756487
1.89840585314786,0.152401580518962
1.90035898577729,-0.0482948063872255
1.90231211840671,-0.135566568383234
1.90426525103614,0.0293343072255489
1.90621838366556,0.125705899321357
1.90817151629499,-0.0449891040319361
1.91012464892441,-0.213287168223553
1.91207778155383,0.0612690997205589
1.91403091418326,0.220333154011976
1.91598404681268,0.0327863875449102
1.91793717944211,-0.13610328758483
1.91989031207153,-0.0815774959680639
1.92184344470096,0.0892028945309381
1.92379657733038,0.0548040729740519
1.9257497099598,-0.0910066764870259
1.92770284258923,-0.0928973918562874
1.92965597521865,0.0339696094211577
1.93160910784808,0.0833416768862275
1.9335622404775,-0.120879979321357
1.93551537310693,-0.0503989896207585
1.93746850573635,0.13674523744511
1.93942163836577,0.143588407265469
1.9413747709952,-0.110633521836327
1.94332790362462,-0.0157013130538922
1.94528103625405,0.0564935186427146
1.94723416888347,0.0567923736526946
1.9491873015129,-0.025722104510978
1.95114043414232,-0.126722899720559
1.95309356677175,0.0324631362075848
1.95504669940117,0.156548956167665
1.95699983203059,0.00671281269461078
1.95895296466002,-0.0964592556487026
1.96090609728944,-0.0571628713772455
1.96285922991887,0.119045701956088
1.96481236254829,0.0270776469461078
1.96676549517772,-0.0775703992015968
1.96871862780714,-0.0550342918163673
1.97067176043656,0.132774735169661
1.97262489306599,0.0788771489820359
1.97457802569541,8.92098203592838e-05
1.97653115832484,-0.0786072431137724
1.97848429095426,0.0597016356886227
1.98043742358369,0.0638551104191617
1.98239055621311,0.0334328902195609
1.98434368884253,-0.0953736190818363
1.98629682147196,-0.0786865311776447
1.98824995410138,0.144125126467066
1.99020308673081,-0.0319187716566866
1.99215621936023,-0.1534917699002
1.99410935198966,-0.0241363432335329
1.99606248461908,0.110933923113772
1.9980156172485,0.00293138195608783
1.99996874987793,-0.140268960479042
2.00192188250735,-0.0310344047904192
2.00387501513678,0.144661845668663
2.0058281477662,0.0925756867864271
2.00778128039563,-0.0473494487025948
2.00973441302505,0.0145562319361277
2.01168754565448,0.0924110115768463
2.0136406782839,0.176151405189621
2.01559381091332,-0.0779912358483034
2.01754694354275,-0.0416651044311377
2.01950007617217,0.0944054113373253
2.0214532088016,0.0923805161676647
2.02340634143102,-0.0942696852694611
2.02535947406045,-0.117806042075848
2.02731260668987,0.0832745869860279
2.02926573931929,0.0425022249101796
2.03121887194872,-0.0905248490219561
2.03317200457814,-0.0984963489820359
2.03512513720757,0.0460518905389222
2.03707826983699,0.0533768878243513
2.03903140246642,0.0356773523353293
2.04098453509584,-0.117208332055888
2.04293766772526,-0.00731507552894211
2.04489080035469,0.114416498842315
2.04684393298411,0.00613949900199601
2.04879706561354,-0.0562053155289421
2.05075019824296,0.0661117706986028
2.05270333087239,0.0582805496207585
2.05465646350181,0.148327393852295
2.05660959613123,-0.141952307065868
2.05856272876066,-0.0655674061477046
2.06051586139008,0.0154284006387226
2.06246899401951,-0.0220382590818363
2.06442212664893,-0.0362186243512974
2.06637525927836,-0.0616639937724551
2.06832839190778,0.0464361326946108
2.07028152453721,0.0294379916167665
2.07223465716663,-0.0418724732135728
2.07418778979605,-0.113975818682635
2.07614092242548,0.00368156902195609
2.0780940550549,0.0901177568063872
2.08004718768433,-0.0353342574850299
2.08200032031375,-0.0250999981636726
2.08395345294318,-0.0320834468662675
2.0859065855726,0.124120138043912
2.08785971820202,0.0274008982834331
2.08981285083145,0.00228487928143713
2.09176598346087,0.0260164067065868
2.0937191160903,0.185104857325349
2.09567224871972,-0.0188789346906188
2.09762538134915,-0.0386399598403194
2.09957851397857,-0.0531435764471058
2.10153164660799,0.0415446690618762
2.10348477923742,0.0682708456686627
2.10543791186684,-0.154235857884232
2.10739104449627,0.0160688042315369
2.10934417712569,-0.0380422498203593
2.11129730975512,0.0266995038722555
2.11325044238454,-0.0379507635928144
2.11520357501397,-0.0293388600399202
2.11715670764339,-0.0331446871057884
2.11910984027281,0.0917462116566866
2.12106297290224,0.0270288542914172
2.12301610553166,0.0232230272255489
2.12496923816109,0.0127631018762475
2.12692237079051,0.00879259960079841
2.12887550341994,-0.0514297344510978
2.13082863604936,-0.0737279776447106
2.13278176867878,0.0159834170858283
2.13473490130821,-0.0107549576846307
2.13668803393763,0.120857129261477
2.13864116656706,0.0139768191616766
2.14059429919648,-0.0514053381237525
2.14254743182591,-0.00358243744510978
2.14450056445533,-0.0436473060279441
2.14645369708475,-0.0569189081037924
2.14840682971418,0.00554788806387226
2.1503599623436,-0.115439598323353
2.15231309497303,0.0779378903792415
2.15426622760245,0.0298100356087824
2.15621936023188,-0.0881828015968064
2.1581724928613,-0.0493682447904192
2.16012562549072,-0.00822383872255489
2.16207875812015,0.0807861615968064
2.16403189074957,-0.0853589267065868
2.165985023379,-0.00181980279441117
2.16793815600842,0.0413312011976048
2.16989128863785,0.089294380758483
2.17184442126727,-0.0773813276646707
2.17379755389669,-0.0181165494610778
2.17575068652612,0.136635453972056
2.17770381915554,0.0688563575249501
2.17965695178497,-0.123118342355289
2.18161008441439,-0.133999104351297
2.18356321704382,-0.0145363884231537
2.18551634967324,0.0576340469461078
2.18746948230267,0.0151173474650699
2.18942261493209,-0.0215076389620758
2.19137574756151,0.0458018281836327
2.19332888019094,0.0384341373253493
2.19528201282036,-0.0409027192015968
2.19723514544979,-0.101222638562874
2.19918827807921,0.00587113940119761
2.20114141070864,0.0676365411576846
2.20309454333806,0.00402311760479042
2.20504767596748,0.000412461157684632
2.20700080859691,0.00361447912175649
2.20895394122633,-0.0164271037924152
2.21090707385576,0.0174228003992016
2.21286020648518,-0.0351756813572854
2.21481333911461,-0.0299243718962076
2.21676647174403,0.0756141401996008
2.21871960437345,0.0715887461876247
2.22067273700288,-0.072953394251497
2.2226258696323,-0.0605844562874251
2.22457900226173,0.00412070291417166
2.22653213489115,0.0332194223552894
2.22848526752058,0.0131168486227545
2.23043840015,-0.0660797290219561
2.23239153277942,-0.0273444602794411
2.23434466540885,0.0953751653493014
2.23629779803827,0.0116103754091816
2.2382509306677,-0.0609565002794411
2.24020406329712,0.0584513239121756
2.24215719592655,0.156134218602794
2.24411032855597,0.0768400556487026
2.2460634611854,0.0327070994810379
2.24801659381482,-0.0141155517764471
2.24996972644424,0.136873318163673
2.25192285907367,0.12727946243513
2.25387599170309,-0.0195132392015968
2.25582912433252,0.0300661970459082
2.25778225696194,0.133903065309381
2.25973538959137,-0.0276738106986028
2.26168852222079,0.00365717269461078
2.26364165485021,-0.123850232175649
2.26559478747964,0.0520960806387226
2.26754792010906,0.0189902644311377
2.26950105273849,-0.124301564231537
2.27145418536791,-0.0952394392814371
2.27340731799734,0.0751445108982036
2.27536045062676,0.0313653014770459
2.27731358325618,-0.0323701037125748
2.27926671588561,-0.0532838553293413
2.28121984851503,-0.0278689813173653
2.28317298114446,0.105658217325349
2.28512611377388,-0.018323918243513
2.28707924640331,-0.0121272510978044
2.28903237903273,0.0151478428742515
2.29098551166215,0.099504243752495
2.29293864429158,0.0225216328143713
2.294891776921,-0.0198364905389222
2.29684490955043,-0.0274847391616766
2.29879804217985,-0.013517841756487
2.30075117480928,0.0139219274251497
2.3027043074387,-0.11597631752495
2.30465744006813,-0.0862310954091816
2.30661057269755,0.020374756007984
2.30856370532697,0.034012302994012
2.3105168379564,-0.0387863378043912
2.31246997058582,-0.0651709658283433
2.31442310321525,-0.0271736859880239
2.31637623584467,0.0525901062674651
2.3183293684741,0.0281388871856287
2.32028250110352,-0.1075229900998
2.32223563373294,0.115386252854291
2.32418876636237,0.11211714499002
2.32614189899179,0.0523827374850299
2.32809503162122,-0.0307965405988024
2.33004816425064,-0.0117857025149701
2.33200129688007,0.145094880479042
2.33395442950949,0.039452683992016
2.33590756213891,-0.0799002484630739
2.33786069476834,-0.00570491792415169
2.33981382739776,0.0316336610778443
2.34176696002719,0.0780537729341317
2.34372009265661,-0.094977178762475
2.34567322528604,-0.121538680159681
2.34762635791546,0.0478450205988024
2.34957949054489,0.00818269141716567
2.35153262317431,-0.036938316007984
2.35348575580373,-0.0609321039520958
2.35543888843316,0.0881843478642714
2.35739202106258,0.0398186289021956
2.35934515369201,-0.0625727569660679
2.36129828632143,-0.027807990499002
2.36325141895086,0.10301731489022
2.36520455158028,0.141654998323353
2.3671576842097,0.0148001952095808
2.36911081683913,-0.00611355640718562
2.37106394946855,0.0929599289421158
2.37301708209798,0.072375527744511
2.3749702147274,-0.0234776423952096
2.37692334735683,0.00271791409181637
2.37887647998625,0.0228448841516966
2.38082961261567,0.0633610847904192
2.3827827452451,-0.00324088886227545
2.38473587787452,-0.0459039663073852
2.38668901050395,-0.0269175245508982
2.38864214313337,0.0391721262275449
2.3905952757628,-0.00793108279441117
2.39254840839222,-0.00727848103792415
2.39450154102164,-0.0710321834730539
2.39645467365107,2.82190019960105e-05
2.39840780628049,-0.032504283512974
2.40036093890992,0.0205821247904192
2.40231407153934,-0.060005043512974
2.40426720416877,0.0628670591616766
2.40622033679819,0.0739063972854291
2.40817346942762,0.0273947992015968
2.41012660205704,-0.0724227741317365
2.41207973468646,0.0514251816367265
2.41403286731589,0.0382450657884232
2.41598599994531,0.0630561306986028
2.41793913257474,-0.0204707950499002
2.41989226520416,-0.0478861679041916
2.42184539783359,0.0154527969660679
2.42379853046301,-0.0127615556087824
2.42575166309243,-0.110993367664671
2.42770479572186,-0.0313027643912176
2.42965792835128,0.00670671361277445
2.43161106098071,-0.00799817269461077
2.43356419361013,-0.0347121511377246
2.43551732623956,-0.069562304750499
2.43747045886898,0.129042097085828
2.4394235914984,-0.030156137005988
2.44137672412783,0.0648126662674651
2.44332985675725,-0.0130543115369261
2.44528298938668,0.0370740420758483
2.4472361220161,0.0264494415169661
2.44918925464553,0.0111895387624751
2.45114238727495,0.0489916479840319
2.45309551990437,0.0636111471457086
2.4550486525338,-0.0578276712974052
2.45700178516322,-0.00961442938123752
2.45895491779265,0.00815219600798403
2.46090805042207,0.0362689632734531
2.4628611830515,-0.0589925959281437
2.46481431568092,-0.0320102578842315
2.46676744831034,-0.0243864055888223
2.46872058093977,-0.0402806128542914
2.47067371356919,-0.0186959622355289
2.47262684619862,-0.00775420942115768
2.47457997882804,0.0538526162075848
2.47653311145747,-0.0497646851097804
2.47848624408689,-0.0517834811976048
2.48043937671632,0.0168128922155689
2.48239250934574,0.0501138790419162
2.48434564197516,0.0692101042714571
2.48629877460459,-0.0318028891017964
2.48825190723401,0.0350735432335329
2.49020503986344,0.142899211017964
2.49215817249286,0.0107565039520958
2.49411130512229,-0.116031209261477
2.49606443775171,-0.0514785271057884
2.49801757038113,0.0576889386826347
2.49997070301056,-0.0391827781237525
2.50192383563998,-0.00185639728542914
2.50387696826941,0.0344758332135729
2.50583010089883,-0.0158232946906188
2.50778323352826,-0.0554124348902196
2.50973636615768,-0.0669396995608782
2.5116894987871,0.000369767584830344
2.51364263141653,-8.15644710578829e-05
2.51559576404595,-0.0474775294211577
2.51754889667538,-0.00457048870259481
2.5195020293048,0.0531939153692615
2.52145516193423,-0.0252463761277445
2.52340829456365,-0.0298816783233533
2.52536142719307,-0.0270578034331337
2.5273145598225,0.0243269610379242
2.52926769245192,-0.00767492135728542
2.53122082508135,0.0660324826347305
2.53317395771077,-0.0280885482634731
2.5351270903402,-0.00701012143712575
2.53708022296962,0.0140805035528942
2.53903335559905,0.00327293053892216
2.54098648822847,-0.0460747405988024
2.54293962085789,0.0318227326147705
2.54489275348732,0.0033705158483034
2.54684588611674,0.00110775648702595
2.54879901874617,-0.0387009506586826
2.55075215137559,-0.0640914283433134
2.55270528400502,0.00780454834331338
2.55465841663444,-0.0101328513373253
2.55661154926386,0.00650544391217565
2.55856468189329,-0.0445682673852295
2.56051781452271,-0.0395853175249501
2.56247094715214,0.0132998210778443
2.56442407978156,0.0473570940518962
2.56637721241099,0.0528218713772455
2.56833034504041,0.0704360197205589
2.57028347766983,0.0422033699001996
2.57223661029926,0.144594755768463
2.57418974292868,-0.0546073560878243
2.57614287555811,-0.0465260726546906
2.57809600818753,-0.024715756007984
2.58004914081696,0.200291571097804
2.58200227344638,0.00308385900199601
2.5839554060758,-0.0912262434331337
2.58590853870523,0.0546454968463074
2.58786167133465,-0.0139020839121756
2.58981480396408,-0.112676714251497
2.5917679365935,-0.157639145548902
2.59372106922293,0.0267604946906188
2.59567420185235,0.105011714650699
2.59762733448178,0.0647211800399202
2.5995804671112,-0.166860957285429
2.60153359974062,0.0261383883433134
2.60348673237005,0.0172337288622754
2.60543986499947,0.0545113170459082
2.6073929976289,0.019740451497006
2.60934613025832,-0.112493741796407
2.61129926288775,0.141819673532934
2.61325239551717,0.0890504174850299
2.61520552814659,0.0145379346906188
2.61715866077602,0.0188194901397206
2.61911179340544,0.0622510518962076
2.62106492603487,0.0440208962874251
2.62301805866429,-0.0318089881836327
2.62497119129372,-0.139079639520958
2.62692432392314,0.0105430360878244
2.62887745655256,0.0588965568862275
2.63083058918199,0.056389834251497
2.63278372181141,-0.0520823362075848
2.63473685444084,0.0416971461077844
2.63668998707026,0.0721742580439122
2.63864311969969,0.0747358724151697
2.64059625232911,-0.0660614317764471
2.64254938495854,-0.0339314686626746
2.64450251758796,0.052663295249501
2.64645565021738,0.131079190419162
2.64840878284681,-0.0161892396007984
2.65036191547623,-0.0469103148103792
2.65231504810566,0.130182625389222
2.65426818073508,0.107006114411178
2.65622131336451,-0.00103302123752495
2.65817444599393,-0.242080933572854
2.66012757862335,0.0700029849101796
2.66208071125278,0.110891229540918
2.6640338438822,-0.162811166946108
2.66598697651163,-0.0606637443512974
2.66794010914105,-0.0111026053493014
2.66989324177048,0.0272667184830339
2.6718463743999,-0.122508434171657
2.67379950702932,-0.0982096921357285
2.67575263965875,0.134512973493014
2.67770577228817,0.192698214211577
2.6796589049176,-0.0361576335329341
2.68161203754702,-0.121916823233533
2.68356517017645,0.00535271744510978
2.68551830280587,0.0713935755688623
2.68747143543529,-0.0230080130938124
2.68942456806472,-0.0698733579241517
2.69137770069414,0.0374826805588822
2.69333083332357,0.152901705229541
2.69528396595299,-0.0298084893413174
2.69723709858242,-0.0493255512175649
2.69919023121184,0.00184574538922156
2.70114336384127,0.0860740655489022
2.70309649647069,0.0459604043113772
2.70504962910011,-0.0804918594011976
2.70700276172954,-0.0288997261477046
2.70895589435896,0.0269373680638723
2.71090902698839,0.0282608688223553
2.71286215961781,-0.0969898757684631
2.71481529224724,-0.0372615673453094
2.71676842487666,0.0977294109381237
2.71872155750608,0.0340427984031936
2.72067469013551,0.0963510184431138
2.72262782276493,-0.0772532469461078
2.72458095539436,0.0154040043113772
2.72653408802378,0.111989064271457
2.72848722065321,0.0558836104590818
2.73044035328263,-0.0162136359281437
2.73239348591205,0.0072068383233533
2.73434661854148,0.127962559600798
2.7362997511709,0.0130497587225549
2.73825288380033,-0.024770647744511
2.74020601642975,-0.00883984598802395
2.74215914905918,0.056780175489022
2.7441122816886,-0.0378897727744511
2.74606541431802,-0.0731546639520958
2.74801854694745,-0.0605905553692615
2.74997167957687,-0.0197084098203593
2.7519248122063,0.0332438186826347
2.75387794483572,-0.0358709766866267
2.75583107746515,-0.0937756596407186
2.75778421009457,0.0999799721357285
2.75973734272399,0.0616777382035928
2.76169047535342,-0.0176774155688623
2.76364360798284,-0.0871398586027944
2.76559674061227,0.0382389667065868
2.76754987324169,0.0775719454690619
2.76950300587112,0.0522546567664671
2.77145613850054,-0.0157135112175649
2.77340927112997,-0.044482880239521
2.77536240375939,0.153346938203593
2.77731553638881,0.027193529500998
2.77926866901824,0.00388893780439122
2.78122180164766,-0.0760761241516966
2.78317493427709,-0.00608306099800399
2.78512806690651,0.0135071898602794
2.78708119953594,-0.0862493926546906
2.78903433216536,-0.0438485757285429
2.79098746479478,0.0911850961277445
2.79294059742421,0.00742030618762475
2.79489373005363,0.0285963183233533
2.79684686268306,0.0154405988023952
2.79879999531248,0.00636516502994012
2.80075312794191,0.0213018164471058
2.80270626057133,-0.00189909085828343
2.80465939320075,0.00263862602794411
2.80661252583018,0.0343782479041916
2.8085656584596,0.067587748502994
2.81051879108903,0.0828903448303393
2.81247192371845,0.0674718659481038
2.81442505634788,-0.0782047037125748
2.8163781889773,0.0266019185628743
2.81833132160672,7.70116566866305e-05
2.82028445423615,-0.0560955320558882
2.82223758686557,-0.139616358722555
2.824190719495,0.081133809261477
2.82614385212442,0.0405505187225549
2.82809698475385,-0.120873880239521
2.83005011738327,-0.0643597879441118
2.8320032500127,-0.0078700919760479
2.83395638264212,0.0753701769261477
2.83590951527154,-0.044092539001996
2.83786264790097,-0.0570652860678643
2.83981578053039,0.0712471976047904
2.84176891315982,0.0792064994011976
2.84372204578924,-0.0485509678243513
2.84567517841867,-0.00933997069860279
2.84762831104809,0.0314384904590818
2.84958144367751,0.127309957844311
2.85153457630694,0.0192586240319361
2.85348770893636,-0.113408604071856
2.85544084156579,0.0548894601197605
2.85739397419521,0.0677524237125749
2.85934710682464,0.0222593722954092
2.86130023945406,-0.0254903394011976
2.86325337208348,-0.00591838578842315
2.86520650471291,0.0250222563672655
2.86715963734233,-0.039304759760479
2.86911276997176,-0.083815859001996
2.87106590260118,0.0129460743313373
2.87301903523061,0.0160810023952096
2.87497216786003,-0.0201475437125748
2.87692530048946,0.0236316657085828
2.87887843311888,-0.0155915295808383
2.8808315657483,-0.0220260609181637
2.88278469837773,-0.0350415015568862
2.88473783100715,0.0443502467065868
2.88669096363658,0.0596833384431138
2.888644096266,0.0968877376447106
2.89059722889543,0.0879769790818363
2.89255036152485,0.0700212821556886
2.89450349415427,0.0521997650299401
2.8964566267837,0.0308712758483034
2.89840975941312,-0.0177079109780439
2.90036289204255,0.00465742211576847
2.90231602467197,-0.00155144319361277
2.9042691573014,-0.047184773493014
2.90622228993082,0.122564872175649
2.90817542256024,-0.100222389141717
2.91012855518967,0.0059809228742515
2.91208168781909,-0.0740756253093812
2.91403482044852,0.0516813430738523
2.91598795307794,0.0203381615169661
2.91794108570737,-0.0425677685429142
2.91989421833679,-0.043104487744511
2.92184735096621,-0.0120479630339321
2.92380048359564,0.132786933333333
2.92575361622506,-0.0760212324151697
2.92770674885449,0.0127813991217565
2.92965988148391,0.0619156023952096
2.93161301411334,0.0382084712974052
2.93356614674276,0.0760166796007984
2.93551927937219,-0.0577056896606786
2.93747241200161,-0.0721056218762475
2.93942554463103,0.0242964656287425
2.94137867726046,-0.0230812020758483
2.94333180988988,-0.0122248364071856
2.94528494251931,-0.00582689956087824
2.94723807514873,0.0129643715768463
2.94919120777816,0.0463934391217565
2.95114434040758,-0.0716786861477046
2.953097473037,-0.0710199853093812
2.95505060566643,0.0313226079041916
2.95700373829585,0.0390928381636726
2.95895687092528,-0.0618347680638723
2.9609100035547,0.00730442363273453
2.96286313618413,-0.0250817009181637
2.96481626881355,0.104975120159681
2.96676940144297,-0.0147559553692615
2.9687225340724,-0.00507061341317365
2.97067566670182,0.0510958312175649
2.97262879933125,0.0445332191616766
2.97458193196067,0.0905873861077844
2.9765350645901,-0.0130055188822355
2.97848819721952,-0.0886585299800399
2.98044132984894,-0.00908380926147704
2.98239446247837,0.0171544407984032
2.98434759510779,-0.0316260157285429
2.98630072773722,-0.146270457005988
2.98825386036664,-0.0172016871856287
2.99020699299607,0.0113786102994012
2.99216012562549,-0.155358088942116
2.99411325825492,-0.101747159600798
2.99606639088434,0.0325058297804391
2.99801952351376,0.103328368063872
2.99997265614319,-0.0608711131337325
3.00192578877261,-0.11393312510978
3.00387892140204,0.0110492598802395
3.00583205403146,0.114636065788423
3.00778518666089,-0.0107305613572854
3.00973831929031,-0.0333337586427146
3.01169145191973,0.0575730561277445
3.01364458454916,0.064550405748503
3.01559771717858,0.0173862059081836
3.01755084980801,-0.199094604790419
3.01950398243743,-0.0496488025548902
3.02145711506686,0.118216226826347
3.02341024769628,-0.0180860540518962
3.0253633803257,-0.106827694770459
3.02731651295513,0.0144464484630739
3.02926964558455,0.094789653493014
3.03122277821398,0.0109638727345309
3.0331759108434,-0.0936597770858283
3.03512904347283,0.0175142866267465
3.03708217610225,0.0784380150898204
3.03903530873167,0.113873680558882
3.0409884413611,0.00313265165668663
3.04294157399052,0.0776207381237525
3.04489470661995,0.117118392095808
3.04684783924937,0.127675902754491
3.0488009718788,-0.0275274327345309
3.05075410450822,0.0710459279041916
3.05270723713764,0.0455029731736527
3.05466036976707,0.089294380758483
3.05661350239649,0.00399262219560878
3.05856663502592,-0.0620238396007984
3.06051976765534,-0.0587303354091816
3.06247290028477,0.0357505413173653
3.06442603291419,-0.028161737245509
3.06637916554362,-0.0938061550499002
3.06833229817304,0.0219422200399202
3.07028543080246,0.0690881226347305
3.07223856343189,-0.0403903963273453
3.07419169606131,-0.100759108343313
3.07614482869074,-0.0502709089021956
3.07809796132016,0.0981990402395209
3.08005109394959,0.0884893019560878
3.08200422657901,0.0323472536526946
3.08395735920843,0.00992702882235529
3.08591049183786,0.0293709017165669
3.08786362446728,0.124717848063872
3.08981675709671,-0.0283630069461078
3.09176988972613,-0.0380422498203593
3.09372302235556,0.0702103536926148
3.09567615498498,0.0767302721756487
3.0976292876144,0.00144930506986028
3.09958242024383,-0.0950930613173653
3.10153555287325,-0.0194156538922156
3.10348868550268,0.143313948582834
3.1054418181321,-0.0148840360878243
3.10739495076153,-0.157328092375249
3.10934808339095,0.0553163958483034
3.11130121602038,0.0226741098602794
3.1132543486498,-0.0434643335728543
3.11520748127922,-0.204199536287425
3.11716061390865,-0.0863530770459082
3.11911374653807,0.183427609820359
3.1210668791675,0.0315360757684631
3.12302001179692,0.0279925092215569
3.12497314442635,0.0567679773253493
3.12692627705577,0.0797310204391218
3.12887940968519,0.0701920564471058
3.13083254231462,-0.0744598674650699
3.13278567494404,-0.0269114254690619
3.13473880757347,0.0251869315768463
3.13669194020289,0.0754738613173653
3.13864507283232,-0.0788024137325349
3.14059820546174,-0.0202390299401198
3.14255133809116,-0.0404330899001996
3.14450447072059,0.102626973652695
3.14645760335001,-0.0678423636726547
3.14841073597944,-0.061383436007984
3.15036386860886,0.050632300998004
3.15231700123829,0.113696807185629
3.15427013386771,-0.0424274896606786
3.15622326649713,-0.106736208542914
3.15817639912656,-0.0594683243113772
3.16012953175598,0.0322557674251497
3.16208266438541,0.0172032334530938
3.16403579701483,-0.035559923512974
3.16598892964426,0.0158431382035928
3.16794206227368,0.189795051257485
3.16989519490311,0.0631842114171657
3.17184832753253,-0.114604024111776
3.17380146016195,0.0715460526147705
3.17575459279138,0.087653727744511
3.1777077254208,0.0447954796806387
3.17966085805023,-0.089292834491018
3.18161399067965,-0.175832706666667
3.18356712330908,0.0885624909381237
3.1855202559385,0.0668924531736527
3.18747338856792,-0.0677081838722555
3.18942652119735,-0.12658871992016
3.19137965382677,0.0509250569261477
3.1933327864562,0.0987906511776447
3.19528591908562,-0.106656920479042
3.19723905171505,-0.135822729820359
3.19919218434447,0.0864583077045908
3.20114531697389,0.139367842634731
3.20309844960332,-0.0384630864670659
3.20505158223274,-0.0145546856686627
3.20700471486217,0.0462958538123752
3.20895784749159,0.0347624900598802
3.21091098012102,0.00771916119760479
3.21286411275044,-0.0457148947704591
3.21481724537986,0.11829551489022
3.21677037800929,0.0235950712175649
3.21872351063871,-0.0991245544111776
3.22067664326814,-0.135237217964072
3.22262977589756,0.0443136522155689
3.22458290852699,0.0243147628742515
3.22653604115641,-0.112810894051896
3.22848917378584,-0.0586449482634731
3.23044230641526,0.104127347784431
3.23239543904468,0.0554627738123752
3.23434857167411,-0.000368221317365268
3.23630170430353,-0.00324698794411177
3.23825483693296,-0.0270639025149701
3.24020796956238,0.166667332934132
3.24216110219181,0.0572071112175649
3.24411423482123,0.025162535249501
3.24606736745065,0.0690515281437126
3.24802050008008,0.0905263952894211
3.2499736327095,0.0680146842315369
3.25192676533893,-0.0789670889421158
3.25387989796835,0.0802982350499002
3.25583303059778,-0.0113160732135729
3.2577861632272,0.0650810258682635
3.25973929585662,-0.0337301989620758
3.26169242848605,-0.0974412078243513
3.26364556111547,-0.0689584956487026
3.2655986937449,-0.0298267865868263
3.26755182637432,-0.00984009540918163
3.26950495900375,-0.0109806237125748
3.27145809163317,-0.0246547651896208
3.27341122426259,0.0352687138522954
3.27536435689202,-0.0186105750898204
3.27731748952144,-0.0477519881037924
3.27927062215087,0.0608970557285429
3.28122375478029,0.0136962613972056
3.28317688740972,0.0604152282634731
3.28513002003914,0.0178680333732535
3.28708315266857,-0.0038995897005988
3.28903628529799,-0.00512550514970059
3.29098941792741,-0.0196230226746507
3.29294255055684,-0.0170126156487026
3.29489568318626,0.0110553589620759
3.29684881581569,0.0267239001996008
3.29880194844511,-0.044818329740519
3.30075508107454,-0.0720507301397205
3.30270821370396,-0.0768324102994012
3.30466134633338,0.00161398027944112
3.30661447896281,-0.0663236922954092
3.30856761159223,0.0140073145708583
3.31052074422166,-0.00199667616766467
3.31247387685108,0.0708263609580838
3.31442700948051,0.0032607323752495
3.31638014210993,-0.000874445109780436
3.31833327473935,-0.00452169604790419
3.32028640736878,0.093728413253493
3.3222395399982,0.0382694621157685
3.32419267262763,0.0232596217165669
3.32614580525705,0.181469804550898
3.32809893788648,0.0749859347704591
3.3300520705159,-0.0314308451097804
3.33200520314532,0.00982944351297405
3.33395833577475,0.125724196566866
3.33591146840417,0.0424290359281437
3.3378646010336,0.0192586240319361
3.33981773366302,-0.0208306408782435
3.34177086629245,0.000144101556886232
3.34372399892187,-0.0913848195608782
3.34567713155129,-0.104552737245509
3.34763026418072,0.00804241253493014
3.34958339681014,0.0457164410379241
3.35153652943957,-0.00932167345309381
3.35348966206899,0.00666402003992016
3.35544279469842,-0.027771396007984
3.35739592732784,-0.053649800239521
3.35934905995727,0.0284072467864271
3.36130219258669,-0.044147430738523
3.36325532521611,0.0362323687824351
3.36520845784554,0.0294379916167665
3.36716159047496,0.130743740918164
3.36911472310439,0.0206492146906188
3.37106785573381,0.0257053535329341
3.37302098836324,-0.01118799249501
3.37497412099266,0.0284926339321357
3.37692725362208,-0.0145363884231537
3.37888038625151,0.0240159078642715
3.38083351888093,0.0246319151297405
3.38278665151036,-0.121758247105788
3.38473978413978,-0.0294547425948104
3.38669291676921,-0.0785462522954092
3.38864604939863,-0.035261068502994
3.39059918202805,-0.0725691520958084
3.39255231465748,0.0266751075449102
3.3945054472869,0.0383487501796407
3.39645857991633,-0.0398719743712575
3.39841171254575,-0.0353403565668663
3.40036484517518,0.030249169500998
3.4023179778046,0.00474890834331338
3.40427111043403,0.0338354296207585
3.40622424306345,0.00155908854291418
3.40817737569287,0.0383487501796407
3.4101305083223,0.0952409855489022
3.41208364095172,-0.0113038750499002
3.41403677358115,0.0335121782834331
3.41598990621057,0.0412214177245509
3.41794303884,0.0883978157285429
3.41989617146942,-0.118330563113772
3.42184930409884,-0.0871581558483034
3.42380243672827,-0.0726850346506986
3.42575556935769,0.0590612320958084
3.42770870198712,-0.0513809417964072
3.42966183461654,-0.0877375686227545
3.43161496724597,0.104566481676647
3.43356809987539,0.0493880883033932
3.43552123250481,0.0556945389221557
3.43747436513424,-0.116201983552894
3.43942749776366,0.101852390259481
3.44138063039309,0.0566520947704591
3.44333376302251,0.0749432411976048
3.44528689565194,-0.0826204389620758
3.44724002828136,0.0895383440319361
3.44919316091078,0.0831343081037924
3.45114629354021,-0.0248743321357285
3.45309942616963,-0.100448055169661
3.45505255879906,-0.0812908391217565
3.45700569142848,0.033603664510978
3.45895882405791,-0.0388778240319361
3.46091195668733,-0.0799917346906188
3.46286508931676,-0.0220809526546906
3.46481822194618,0.0824390127744511
3.4667713545756,-0.0241485413972056
3.46872448720503,-0.0603404930139721
3.47067761983445,-0.0249780165269461
3.47263075246388,0.0876903222355289
3.4745838850933,-0.0198913822754491
3.47653701772273,-0.0872923356487026
3.47849015035215,-0.0341632337724551
3.48044328298157,0.128767638403194
3.482396415611,0.0698871023552894
3.48434954824042,0.0137145586427146
3.48630268086985,0.0678439099401198
3.48825581349927,0.0100673077045908
3.4902089461287,0.186702816766467
3.49216207875812,-0.0561077302195609
3.49411521138754,0.0510165431536926
3.49606834401697,-0.0737767702994012
3.49802147664639,0.128663954011976
3.49997460927582,-0.0545402661876247
3.50192774190524,-0.080125914491018
3.50388087453467,-0.102277779720559
3.50583400716409,0.0774987564870259
3.50778713979351,-0.0954773034730539
3.50974027242294,-0.177613638562874
3.51169340505236,-0.00988888806387225
3.51364653768179,0.0899896760878243
3.51559967031121,0.0307370960479042
3.51755280294064,-0.0563272971656687
3.51950593557006,-0.00115500287425149
3.52145906819949,0.0235645758083832
3.52341220082891,0.061513062994012
3.52536533345833,-0.104571034491018
3.52731846608776,-0.0248743321357285
3.52927159871718,0.121918369500998
3.53122473134661,0.0323838481437126
3.53317786397603,-0.0729107006786427
3.53513099660546,-0.0415553209580838
3.53708412923488,0.107067105229541
3.5390372618643,0.105023912814371
3.54099039449373,0.0229546676247505
3.54294352712315,-0.00509500974051896
3.54489665975258,0.0227838933333333
3.546849792382,-0.031552826746507
3.54880292501143,0.029224523752495
3.55075605764085,-0.167696531497006
3.55270919027027,-0.0100047706187625
3.5546623228997,0.0932160903792415
3.55661545552912,0.0978757889021956
3.55856858815855,0.0117384561277445
3.56052172078797,-0.00557073812375249
3.5624748534174,0.107445248303393
3.56442798604682,0.00592603113772455
3.56638111867624,-0.0009110396007984
3.56833425130567,-0.0697757726147705
3.57028738393509,0.134397090938124
3.57224051656452,0.0822865357285429
3.57419364919394,0.0586403954491018
3.57614678182337,-0.134541922634731
3.57809991445279,-0.00183810003992016
3.58005304708221,0.0729488414371257
3.58200617971164,-0.0260270586027944
3.58395931234106,-0.0959347346107784
3.58591244497049,-0.0435680179640719
3.58786557759991,0.103407656127744
3.58981871022934,0.0280230046307385
3.59177184285876,-0.0806077419560878
3.59372497548819,-0.00873006251497006
3.59567810811761,0.0484976223552894
3.59763124074703,0.0300357016367265
3.59958437337646,-0.117934122794411
3.60153750600588,-0.0501123327744511
3.60349063863531,0.106213233772455
3.60544377126473,0.0382877593612774
3.60739690389416,-0.0149816213972056
3.60935003652358,-0.14131800255489
3.611303169153,0.109281071936128
3.61325630178243,0.0456005584830339
3.61520943441185,-0.0919520341716567
3.61716256704128,-0.129125937964072
3.6191156996707,0.0162456776047904
3.62106883230013,0.105615523752495
3.62302196492955,-0.0695379084231537
3.62497509755897,-0.0335411274251497
3.6269282301884,0.0442831568063872
3.62888136281782,0.0372021227944112
3.63083449544725,-0.217483336526946
3.63278762807667,-0.0265881741317365
3.6347407607061,0.0303284575648703
3.63669389333552,0.167539501636727
3.63864702596495,0.0101404966866267
3.64060015859437,-0.0362918133333333
3.64255329122379,0.0367080971656687
3.64450642385322,0.158756823792415
3.64645955648264,-0.0511857711776447
3.64841268911207,-0.036920018762475
3.65036582174149,-0.014188740758483
3.65231895437092,0.106810943792415
3.65427208700034,0.0368483760479042
3.65622521962976,-0.114549132375249
3.65817835225919,-0.0200072648303393
3.66013148488861,0.112013460598802
3.66208461751804,0.0679963869860279
3.66403775014746,-0.117098548582834
3.66599088277689,-0.0122797281437126
3.66794401540631,-0.0346633584830339
3.66989714803573,0.0428010799201597
3.67185028066516,-0.0428727226347305
3.67380341329458,-0.0248499358083832
3.67575654592401,0.0925878849500998
3.67770967855343,0.141173170858283
3.67966281118286,-0.140592211816367
3.68161594381228,-0.170593595369261
3.6835690764417,0.0453260998003992
3.68552220907113,0.0624218261876247
3.68747534170055,0.0824329136926148
3.68942847432998,-0.195465651097804
3.6913816069594,0.114947118962076
3.69333473958883,0.0669473449101796
3.69528787221825,-0.016610076247505
3.69724100484768,-0.0809553896207585
3.6991941374771,0.0118421405189621
3.70114727010652,0.0189597690219561
3.70310040273595,0.109116396726547
3.70505353536537,-0.214647263473054
3.7070066679948,0.042508323992016
3.70895980062422,0.131426838083832
3.71091293325365,0.0486500994011976
3.71286606588307,-0.0790402779241517
3.71481919851249,-0.00777860574850299
3.71677233114192,0.0726194910179641
3.71872546377134,-0.0489962007984032
3.72067859640077,-0.059053586746507
3.72263172903019,-0.0284178986826347
3.72458486165962,0.0768827492215569
3.72653799428904,-0.0384996809580838
3.72849112691846,-0.0446414563672655
3.73044425954789,-0.0653478392015968
3.73239739217731,0.0559628985229541
3.73435052480674,0.0307614923752495
3.73630365743616,0.0344575359680639
3.73825679006559,0.0220215081037924
3.74020992269501,-0.00479615473053892
3.74216305532443,0.0730586249101796
3.74411618795386,-0.0257891944111776
3.74606932058328,-0.0475080248303393
3.74802245321271,-0.0231482919760479
3.74997558584213,0.00159568303393214
3.75192871847156,0.0413373002794411
3.75388185110098,-0.0826082407984032
3.75583498373041,-0.0797416723353293
3.75778811635983,0.0582683514570858
3.75974124898925,-0.0115661355688623
3.76169438161868,-0.0168601386027944
3.7636475142481,-0.163451570538922
3.76560064687753,0.0574449754091816
3.76755377950695,0.0704177224750499
3.76950691213638,0.0473204995608782
3.7714600447658,-0.0608650140518962
3.77341317739522,0.0245648252295409
3.77536631002465,0.0691491134530938
3.77731944265407,0.030621213493014
3.7792725752835,-0.116244677125748
3.78122570791292,0.0343050589221557
3.78317884054235,0.080517801996008
3.78513197317177,-0.0234166515768463
3.78708510580119,-0.105461500439122
3.78903823843062,-0.0822605931337325
3.79099137106004,0.0939174847904192
3.79294450368947,-0.00566832343313373
3.79489763631889,-0.0299609663872255
3.79685076894832,-0.0246669633532934
3.79880390157774,0.10361502491018
3.80075703420717,-0.021977268263473
3.80271016683659,0.00846324918163673
3.80466329946601,0.00779235017964072
3.80661643209544,0.0330181526546906
3.80856956472486,0.103755303792415
3.81052269735429,-0.132925665948104
3.81247582998371,0.0147514025548902
3.81442896261314,-0.00141726339321357
3.81638209524256,0.0552493059481038
3.81833522787198,-0.108828193612774
3.82028836050141,0.0399589077844311
3.82224149313083,-0.00491203728542914
3.82419462576026,0.000955279441117767
3.82614775838968,0.025125940758483
3.82810089101911,-0.0955626906187625
3.83005402364853,-0.118641616287425
3.83200715627795,-0.0882803869061876
3.83396028890738,0.0544564253093812
3.8359134215368,-0.0175249385229541
3.83786655416623,-0.0126883666267465
3.83981968679565,-0.0294364453493014
3.84177281942508,0.0545967041916168
3.8437259520545,-0.0327482467864271
3.84567908468392,0.0169043784431138
3.84763221731335,0.0306883033932136
3.84958534994277,0.137086786027944
3.8515384825722,0.103590628582834
3.85349161520162,0.0296819548902196
3.85544474783105,0.0246624105389222
3.85739788046047,0.0726987790818363
3.85935101308989,-0.0562358109381237
3.86130414571932,-0.0263137154491018
3.86325727834874,0.0221861833133733
3.86521041097817,0.0279986083033932
3.86716354360759,0.0962107395608782
3.86911667623702,-0.140409239361277
3.87106980886644,0.0123178689021956
3.87302294149587,-0.00409476031936127
3.87497607412529,0.0680695759680639
3.87692920675471,-0.0352122758483034
3.87888233938414,-0.0165307881836327
3.88083547201356,-0.0560894329740519
3.88278860464299,0.0242842674650699
3.88474173727241,0.0146050245908184
3.88669486990184,-0.00760783145708582
3.88864800253126,0.0764863089021956
3.89060113516068,0.0144525475449102
3.89255426779011,0.0948872388023952
3.89450740041953,-0.104985772055888
3.89646053304896,-0.0397255964071856
3.89841366567838,-0.0793208356886227
3.90036679830781,-0.0525092719361277
3.90231993093723,0.0254857865868263
3.90427306356665,-0.0203427143313373
3.90622619619608,0.048210965508982
3.9081793288255,0.0486561984830339
3.91013246145493,-0.0383289066666667
3.91208559408435,-0.0894026179640719
3.91403872671378,-0.0886463318163673
3.9159918593432,0.114386003433134
3.91794499197262,-0.0307660451896208
3.91989812460205,-0.046495577245509
3.92185125723147,-0.0785401532135728
3.9238043898609,0.0984856970858283
3.92575752249032,0.0892577862674651
3.92771065511975,-0.0586327500998004
3.92966378774917,-0.0467151441916168
3.9316169203786,0.112733152255489
3.93357005300802,0.137416136447106
3.93552318563744,-0.0405977651097804
3.93747631826687,-0.0846331359680639
3.93942945089629,0.113702906267465
3.94138258352572,0.0287609935329341
3.94333571615514,-0.127521879441118
3.94528884878457,-0.0581814180439122
3.94724198141399,0.0569387516167665
3.94919511404341,0.13362250754491
3.95114824667284,-0.136298458203593
3.95310137930226,-0.114555231457086
3.95505451193169,0.0635989489820359
3.95700764456111,-0.0131396986826347
3.95896077719054,0.0260042085429142
3.96091390981996,-0.0753503334131736
3.96286704244938,0.107323266666667
3.96482017507881,0.127907667864271
3.96677330770823,0.0419228121357285
3.96872644033766,-0.0505636648303393
3.97067957296708,0.0849091409181637
3.97263270559651,0.196406455968064
3.97458583822593,-0.00329578059880239
3.97653897085535,-0.0666042500598802
3.97849210348478,-0.0452696617964072
3.9804452361142,0.0543100473453094
3.98239836874363,-0.0610784819161677
3.98435150137305,-0.108273177165669
3.98630463400248,-0.138311155209581
3.9882577666319,0.0452895053093812
3.99021089926133,0.0382816602794411
3.99216403189075,0.0267117020359281
3.99411716452017,-0.170807063233533
3.9960702971496,0.0154954905389222
3.99802342977902,0.0752420962075848
3.99997656240845,0.00976845269461078
4.00192969503787,0.00787163824351298
4.0038828276673,0.0541392730538922
4.00583596029672,0.237947302355289
4.00778909292614,0.0207955926546906
4.00974222555557,-0.0945563421157685
4.01169535818499,-0.0662809987225549
4.01364849081442,0.181347822914172
4.01560162344384,-0.0453306526147705
4.01755475607327,-0.056613954011976
4.01950788870269,-0.113786747145709
4.02146102133211,0.127907667864271
4.02341415396154,0.0416361552894212
4.02536728659096,-0.156016789780439
4.02732041922039,-0.0274786400798403
4.02927355184981,0.143814073293413
4.03122668447924,0.0583598376846307
4.03317981710866,-0.165689933572854
4.03513294973808,-0.0668177179241517
4.03708608236751,0.0378547245508982
4.03903921499693,0.0222471741317365
4.04099234762636,-0.142586611576846
4.04294548025578,-0.100606631297405
4.04489861288521,0.0642942443113772
4.04685174551463,0.159988838323353
4.04880487814405,-0.0269175245508982
4.05075801077348,-0.0471237826746507
4.0527111434029,0.104682364231537
4.05466427603233,0.127200174371257
4.05661740866175,0.170064521516966
4.05857054129118,-0.0998259488223553
4.0605236739206,0.0619460978043912
4.06247680655003,0.0803592258682635
4.06442993917945,0.127584416526946
4.06638307180887,-0.116470343153693
4.0683362044383,0.0185084369660679
4.07028933706772,0.034311158003992
4.07224246969715,0.00806070978043912
4.07419560232657,-0.100082110259481
4.076148734956,-0.063060683512974
4.07810186758542,0.00915854451097805
4.08005500021484,0.0711374141317365
4.08200813284427,0.0674169742115768
4.08396126547369,-0.0679460480638722
4.08591439810312,0.0931855949700599
4.08786753073254,0.0375985631137725
4.08982066336197,-0.0297231021956088
4.09177379599139,-0.0880669190419162
4.09372692862082,0.00815829508982036
4.09568006125024,0.0732842909381237
4.09763319387966,0.0936674224351297
4.09958632650909,-0.130113989221557
4.10153945913851,-0.0158232946906188
4.10349259176794,0.0473204995608782
4.10544572439736,0.0182217801197605
4.10739885702679,-0.178369924710579
4.10935198965621,-0.105473698602794
4.11130512228563,0.173339728463074
4.11325825491506,0.0298344319361277
4.11521138754448,-0.121910724151697
4.11716452017391,-0.135578766546906
4.11911765280333,0.16070852998004
4.12107078543276,0.082493904510978
4.12302391806218,-0.108962373413174
4.1249770506916,-0.0339314686626746
4.12693018332103,0.148217610379241
4.12888331595045,0.162818812295409
4.13083644857988,-0.0488742191616766
4.1327895812093,-0.0472945569660679
4.13474271383873,-0.00224673852295409
4.13669584646815,0.107170789620758
4.13864897909757,-0.0904272637125748
4.140602111727,-0.120135891337325
4.14255524435642,-0.00787619105788423
4.14450837698585,0.0128423899401198
4.14646150961527,-0.0761493131337325
4.1484146422447,-0.186847648463074
4.15036777487412,-0.0298084893413174
4.15232090750354,0.120576571497006
4.15427404013297,-0.0083153249500998
4.15622717276239,-0.0169577239121756
4.15818030539182,-0.0531252792015968
4.16013343802124,0.0882575368463074
4.16208657065067,0.00635296686626747
4.16403970328009,-0.0969715785229541
4.16599283590952,-0.0455746158882235
4.16794596853894,0.0415873626347305
4.16989910116836,-0.000636580918163671
4.17185223379779,-0.043366748263473
4.17380536642721,-0.0279055758083832
4.17575849905664,0.0537550308982036
4.17771163168606,0.149602101956088
4.17966476431549,-0.0883657740518962
4.18161789694491,-0.167397676487026
4.18357102957433,-0.0359624629141717
4.18552416220376,0.128426089820359
4.18747729483318,-0.0774240212375249
4.18943042746261,-0.0343340080638723
4.19138356009203,-0.0392315707784431
4.19333669272146,0.077407270259481
4.19528982535088,-0.0145729829141716
4.19724295798031,-0.191861093732535
4.19919609060973,-0.0522104169261477
4.20114922323915,0.0941614480638722
4.20310235586858,0.0845675923353293
4.205055488498,-0.0941964962874251
4.20700862112743,0.0636782370459082
4.20896175375685,0.161794166546906
4.21091488638628,0.171406319520958
4.2128680190157,-0.0962335896207585
4.21482115164512,0.0486074058283433
4.21677428427455,0.123888372934132
4.21872741690397,-0.0204220023952096
4.2206805495334,-0.0397926863073852
4.22263368216282,-0.111706960239521
4.22458681479225,0.031255518003992
4.22653994742167,-0.0261856347305389
4.22849308005109,-0.0700685285429142
4.23044621268052,-0.0446841499401198
4.23239934530994,0.0370191503393214
4.23435247793937,-0.0322176266666667
4.23630561056879,0.0154588960479042
4.23825874319822,-0.0933609220758483
4.24021187582764,0.0703140380838323
4.24216500845706,-0.07871092750499
4.24411814108649,0.0826219852295409
4.24607127371591,0.0400016013572854
4.24802440634534,-0.0254842403193613
4.24997753897476,0.126687851497006
4.25193067160419,0.0451248300998004
4.25388380423361,0.0497235378043912
4.25583693686303,-0.0870727687025948
4.25779006949246,0.0471009326147705
4.25974320212188,-0.0114014603592814
4.26169633475131,0.116648762794411
4.26364946738073,-0.131596066107784
4.26560260001016,-0.0344803860279441
4.26755573263958,-0.0133836619560878
4.269508865269,-0.0180067659880239
4.27146199789843,-0.0435741170459082
4.27341513052785,-0.0972704335329341
4.27536826315728,0.108421101397206
4.2773213957867,0.0237597464271457
4.27927452841613,-0.148197766866267
4.28122766104555,-0.0402501174451098
4.28318079367498,0.138428584031936
4.2851339263044,0.102242731497006
4.28708705893382,-0.126759494211577
4.28904019156325,0.0271264396007984
4.29099332419267,0.133927461636727
4.2929464568221,0.0784014205988024
4.29489958945152,-0.101576385309381
4.29685272208095,-0.0681351196007984
4.29880585471037,0.0835490456686627
4.30075898733979,0.00196162794411178
4.30271211996922,-0.0419700585229541
4.30466525259864,-0.0489474081437126
4.30661838522807,-0.00070367081836327
4.30857151785749,0.0144098539720559
4.31052465048692,-0.03701150499002
4.31247778311634,0.0285231293413174
4.31443091574576,0.000857694131736531
4.31638404837519,0.132555168223553
4.31833718100461,-0.00616844814371257
4.32029031363404,-0.0670128885429142
4.32224344626346,-0.0187752502994012
4.32419657889289,0.0536086529341317
4.32614971152231,0.0491258277844311
4.32810284415173,-0.0975326940518962
4.33005597678116,-0.00835191944111776
4.33200910941058,0.000997973013972059
4.33396224204001,0.0446734980439122
4.33591537466943,-0.0508259253493014
4.33786850729886,-0.106815496606786
4.33982163992828,0.0348844716966068
4.3417747725577,0.0470033473053892
4.34372790518713,0.0287122008782435
4.34568103781655,-0.0283691060279441
4.34763417044598,0.0212896182834331
4.3495873030754,0.0735160560479042
4.35154043570483,-0.103961126307385
4.35349356833425,-0.0632009623952096
4.35544670096368,-0.0047473620758483
4.3573998335931,0.0982661301397205
4.35935296622252,0.0651420166866267
4.36130609885195,-0.0569737998403194
4.36325923148137,-0.00605256558882235
4.3652123641108,0.109104198562874
4.36716549674022,0.0742479458682635
4.36911862936965,-0.103180443832335
4.37107176199907,0.00318144431137725
4.37302489462849,-0.00261268343313373
4.37497802725792,0.0334206920558882
4.37693115988734,-0.0886829263073852
4.37888429251677,-0.0880974144510978
4.38083742514619,0.111385255169661
4.38279055777562,0.0359274146906188
4.38474369040504,0.0342745635129741
4.38669682303447,-0.0839134443113772
4.38864995566389,-0.0328153366866267
4.39060308829331,0.0532732034331337
4.39255622092274,0.0460152960479042
4.39450935355216,0.0032607323752495
4.39646248618159,0.0222593722954092
4.39841561881101,-0.0122065391616766
4.40036875144044,-0.0313210616367265
4.40232188406986,-0.0278689813173653
4.40427501669928,-0.0348829254291417
4.40622814932871,0.125663205748503
4.40818128195813,0.0574388763273453
4.41013441458756,0.0745528999600798
4.41208754721698,-0.0372310719361277
4.41404067984641,0.0104088562874252
4.41599381247583,0.000241686866267469
4.41794694510525,-0.00247850363273453
4.41990007773468,-0.0408417283832335
4.4218532103641,0.0595308613972056
4.42380634299353,0.0691247171257485
4.42575947562295,0.0742113513772455
4.42771260825238,-0.205358361836327
4.4296657408818,-0.0895977885828343
4.43161887351122,0.0357749376447106
4.43357200614065,0.0313531033133733
4.43552513877007,-0.110956773173653
4.4374782713995,-0.0139203811576846
4.43943140402892,0.162727326067864
4.44138453665835,0.103938276247505
4.44333766928777,-0.0356941033133732
4.44529080191719,0.0639039030738523
4.44724393454662,0.127309957844311
4.44919706717604,0.0893187770858283
4.45115019980547,-0.00256389077844311
4.45310333243489,-0.0464284873453094
4.45505646506432,0.133244364471058
4.45700959769374,-0.0268809300598802
4.45896273032317,0.0423680451097804
4.46091586295259,-0.128619714171657
4.46286899558201,0.0316336610778443
4.46482212821144,0.0594515733333333
4.46677526084086,-0.131156932215569
4.46872839347029,-0.0673605362075848
4.47068152609971,-0.0240692533333333
4.47263465872914,0.0915632392015968
4.47458779135856,-0.0901589041117764
4.47654092398798,0.0150197621556886
4.47849405661741,0.099132199760479
4.48044718924683,0.107646518003992
4.48240032187626,-0.0735450051896207
4.48435345450568,0.0665570036726547
4.48630658713511,0.0379035172055888
4.48825971976453,0.0301759805189621
4.49021285239396,0.0384829299800399
4.49216598502338,-0.017915279760479
4.4941191176528,-0.0178603880239521
4.49607225028223,0.0275411771656687
4.49802538291165,0.0128423899401198
4.49997851554108,-0.0549672019161677
4.5019316481705,0.0121348964471058
4.50388478079993,-0.0127554565269461
4.50583791342935,0.08689134251497
4.50779104605877,-0.0461662268263473
4.5097441786882,-0.00307621365269461
4.51169731131762,-0.0120906566067864
4.51365044394705,0.0295050815169661
4.51560357657647,-0.0428544253892216
4.5175567092059,-0.038652158003992
4.51950984183532,0.0182705727744511
4.52146297446474,0.0402882582035928
4.52341610709417,0.0126960119760479
4.52536923972359,0.0183864553293413
4.52732237235302,0.0399345114570858
4.52927550498244,0.0328656756087824
4.53122863761187,0.0543466418363273
4.53318177024129,-0.0387253469860279
4.53513490287071,-0.0102304366467066
4.53708803550014,-0.0197998960479042
4.53904116812956,0.115209379481038
4.54099430075899,-0.0599379536127744
4.54294743338841,-0.0424457869061876
4.54490056601784,0.0220398053493014
4.54685369864726,-0.0204463987225549
4.54880683127668,-0.0697391781237525
4.55075996390611,-0.150350742754491
4.55271309653553,-0.00888863864271457
4.55466622916496,0.0912826814371257
4.55661936179438,0.0854153647105788
4.55857249442381,0.0434292853493014
4.56052562705323,0.0429962505389222
4.56247875968266,-0.0652868483832335
4.56443189231208,-0.00217354954091816
4.5663850249415,0.00307775992015968
4.56833815757093,0.0446673989620758
4.57029129020035,0.0128118945309381
4.57224442282978,0.117441643433134
4.5741975554592,-0.0291558875848303
4.57615068808863,-0.0383045103393213
4.57810382071805,-0.13240114491018
4.58005695334747,0.0749798356886228
4.5820100859769,-0.0498988649101796
4.58396321860632,0.0526754934131737
4.58591635123575,0.0672279026746507
4.58786948386517,0.0841772510978044
4.5898226164946,0.0287853898602794
4.59177574912402,-0.141177723672655
4.59372888175344,-0.036340605988024
4.59568201438287,0.0743577293413174
4.59763514701229,0.154243503233533
4.59958827964172,-0.00222234219560878
4.60154141227114,-0.0288875279840319
4.60349454490057,0.0514495779640719
4.60544767752999,0.161897850938124
4.60740081015941,-0.0619689478642715
4.60935394278884,-0.012511493253493
4.61130707541826,0.00626757972055888
4.61326020804769,0.0864949021956088
4.61521334067711,-0.0806260392015968
4.61716647330654,-0.0548818147704591
4.61911960593596,-0.0947393145708583
4.62107273856538,0.0483085508183633
4.62302587119481,0.00579185133732535
4.62497900382423,-0.142482927185629
4.62693213645366,0.0427461881836327
4.62888526908308,-0.0113587667864271
4.63083840171251,-0.0500635401197605
4.63279153434193,-0.188659075768463
4.63474466697136,0.0928501454690619
4.63669779960078,0.0508579670259481
4.6386509322302,0.0109211791616766
4.64060406485963,-0.0206293711776447
4.64255719748905,0.0168555857884232
4.64451033011848,0.112958818283433
4.6464634627479,0.0149465731736527
4.64841659537733,-0.0250268091816367
4.65036972800675,0.0201551890618762
4.65232286063617,0.0818717981636727
4.6542759932656,0.129212871377245
4.65622912589502,-0.0096327266267465
4.65818225852445,-0.0105902824750499
4.66013539115387,0.0580731808383234
4.6620885237833,0.0113481148902196
4.66404165641272,0.00929272431137725
4.66599478904214,-0.0684217764471058
4.66794792167157,0.0180754021556886
4.66990105430099,0.0412702103792415
4.67185418693042,-0.0700075377245509
4.67380731955984,-0.0731729611976048
4.67576045218927,0.0683257374051896
4.67771358481869,0.0749188448702595
4.67966671744812,0.0452590099001996
4.68161985007754,-0.133810032814371
4.68357298270696,-0.0694952148502994
4.68552611533639,0.111208381796407
4.68747924796581,0.0135681806786427
4.68943238059524,-0.000490202954091815
4.69138551322466,-0.0529971984830339
4.69333864585409,0.078413618762475
4.69529177848351,0.0342684644311377
4.69724491111293,-0.0535888094211577
4.69919804374236,-0.0878168566866267
4.70115117637178,0.0181058975648703
4.70310430900121,0.0343538515768463
4.70505744163063,-0.049160876007984
4.70701057426006,-0.0904394618762475
4.70896370688948,0.0995469373253493
4.7109168395189,-0.0130177170459082
4.71286997214833,0.00648104758483034
4.71482310477775,-0.0744049757285429
4.71677623740718,-0.0919093405988024
4.7187293700366,0.162562650858283
4.72068250266603,-0.0144936948502994
4.72263563529545,-0.0120235667065868
4.72458876792487,0.062519411497006
4.7265419005543,0.122357503393214
4.72849503318372,0.0127265073852295
4.73044816581315,0.0505469138522954
4.73240129844257,0.022405750259481
4.734354431072,0.228158276007984
4.73630756370142,-0.0726484401596806
4.73826069633084,-0.0184458998802395
4.74021382896027,-0.0908115058682635
4.74216696158969,0.0249551664670659
4.74412009421912,0.0124337514570858
4.74607322684854,-0.056650548502994
4.74802635947797,-0.0568213227944112
4.74997949210739,0.0621046739321357
4.75193262473682,0.0639526957285429
4.75388575736624,0.00124803536926148
4.75583888999566,-0.0690133873852295
4.75779202262509,-0.034943916247505
4.75974515525451,0.101577931576846
4.76169828788394,0.0270044579640719
4.76365142051336,-0.0219894664271457
4.76560455314279,-0.0770763735728543
4.76755768577221,0.103895582674651
4.76951081840163,0.0260042085429142
4.77146395103106,-0.0917507644710579
4.77341708366048,0.0441367788423154
4.77537021628991,0.0688502584431138
4.77732334891933,-0.00363732918163672
4.77927648154876,-0.134249166706587
4.78122961417818,-0.0697391781237525
4.78318274680761,0.0538099226347305
4.78513587943703,0.179207045189621
4.78708901206645,-0.0293876526946108
4.78904214469588,-0.0999540295409182
4.7909952773253,0.0982173374850299
4.79294840995473,0.10163892239521
4.79490154258415,-0.168391826826347
4.79685467521358,-0.0590779830738523
4.798807807843,0.130859623473054
4.80076094047242,0.101956074650699
4.80271407310185,0.0671547136926148
4.80466720573127,-0.113628171017964
4.8066203383607,0.085287283992016
4.80857347099012,0.118978612055888
4.81052660361955,-0.00157583952095808
4.81247973624897,-0.102881588822355
4.81443286887839,0.163501909461078
4.81638600150782,0.0470094463872255
4.81833913413724,-0.0055280445508982
4.82029226676667,-0.144751785628742
4.82224539939609,0.0115249882634731
4.82419853202552,0.0499126093413174
4.82615166465494,0.013946323752495
4.82810479728436,-0.0276677116167665
4.83005792991379,0.022741199760479
4.83201106254321,0.0554627738123752
4.83396419517264,-0.0140057683033932
4.83591732780206,-0.101222638562874
4.83787046043149,-0.101637376127744
4.83982359306091,0.0584818193213573
4.84177672569033,0.0356102624351297
4.84372985831976,0.0222105796407186
4.84568299094918,-0.0851820533333333
4.84763612357861,0.0589941421956088
4.84958925620803,0.0902397384431138
4.85154238883746,-0.0174578486227545
4.85349552146688,0.0320605968063872
4.85544865409631,0.028852479760479
4.85740178672573,0.068947843752495
4.85935491935515,-0.0375726205189621
4.86130805198458,-0.057004295249501
4.863261184614,-0.0849075946506986
4.86521431724343,-0.0098339963273453
4.86716744987285,0.0237597464271457
4.86912058250228,-0.0138776875848303
4.8710737151317,0.037049645748503
4.87302684776112,0.137208767664671
4.87497998039055,-0.0371334866267465
4.87693311301997,-0.0792110522155689
4.8788862456494,-0.0236301194411178
4.88083937827882,0.0579999918562874
4.88279251090825,0.147717485668663
4.88474564353767,-0.0163478157285429
4.88669877616709,0.0819632843912176
4.88865190879652,0.0894102633133732
4.89060504142594,0.0809142423153693
4.89255817405537,-0.0978620444710579
4.89451130668479,0.0450028484630739
4.89646443931422,-0.00561343169660678
4.89841757194364,0.121027903552894
4.90037070457306,-0.0595232160479042
4.90232383720249,-0.0465504689820359
4.90427696983191,-0.0321017441117764
4.90623010246134,0.0106955131337325
4.90818323509076,-0.0319492670658683
4.91013636772019,-0.0841635066666667
4.91208950034961,0.0287243990419162
4.91404263297903,-0.00249680087824351
4.91599576560846,-0.0280885482634731
4.91794889823788,-0.000758562554890218
4.91990203086731,0.0290964430339321
4.92185516349673,0.0918011033932136
4.92380829612616,0.123565121596806
4.92576142875558,0.0212957173652695
4.92771456138501,0.002077510499002
4.92966769401443,-0.068909702994012
4.93162082664385,-0.0563211980838323
4.93357395927328,0.0171910352894212
4.9355270919027,0.0203869541716567
4.93748022453213,0.0191366423952096
4.93943335716155,0.0838052071057884
4.94138648979098,0.061141019001996
4.9433396224204,-0.0509235106586826
4.94529275504982,-0.0615664084630738
4.94724588767925,0.0101892893413174
4.94919902030867,0.0362140715369261
4.9511521529381,-0.0245693780439122
4.95310528556752,-0.0483374999600798
4.95505841819695,0.0144891420359281
4.95701155082637,-0.00572321516966067
4.95896468345579,-0.0361027417964072
4.96091781608522,-0.0558576678642714
4.96287094871464,0.0530536364870259
4.96482408134407,0.114172535568862
4.96677721397349,-0.0605722581237525
4.96873034660292,-0.079381826506986
4.97068347923234,0.0972475834730539
4.97263661186177,0.0065603356487026
4.97458974449119,-0.138286758882236
4.97654287712061,-0.0424274896606786
4.97849600975004,0.0624157271057884
4.98044914237946,0.0861960471856287
4.98240227500889,-0.00296643017964071
4.98435540763831,-0.00526578403193612
4.98630854026774,0.030883474011976
4.98826167289716,0.0120434102195609
4.99021480552658,0.0167458023153693
4.99216793815601,0.00471231385229541
4.99412107078543,0.0283523550499002
4.99607420341486,-0.0526983434730539
4.99802733604428,-0.04174439249501
4.99998046867371,-0.0163356175648703
